0,-0.00226696335327474
0.001953125,-0.00111943726165171
0.00390625,0.0018585628659863
0.005859375,0.00228990616610473
0.0078125,0.00222031241741942
0.009765625,0.000138494644057902
0.01171875,0.00288587797137319
0.013671875,0.00382197767107545
0.015625,0.00390979379661083
0.017578125,0.00751762122244752
0.01953125,0.00308776945939039
0.021484375,0.00460671098545694
0.0234375,0.00400444533793404
0.025390625,0.00604769671808066
0.02734375,0.00382701848103333
0.029296875,0.00440403623666779
0.03125,0.00432813443166356
0.033203125,0.00227796886526704
0.03515625,0.00262893526706754
0.037109375,0.0026648718817252
0.0390625,0.00292862155642804
0.041015625,0.00345819906619893
0.04296875,0.0038741178288104
0.044921875,0.00194307515275948
0.046875,0.000214365210454289
0.048828125,-0.00155994310597846
0.05078125,-0.000251903551925438
0.052734375,-0.000271765397496732
0.0546875,-0.00322033467520135
0.056640625,-0.00388361212318101
0.05859375,-0.00281136558617406
0.060546875,-0.00519353281350636
0.0625,-0.00283524822415013
0.064453125,-0.00357363792458755
0.06640625,-0.00577803430518587
0.068359375,-0.00455730916093751
0.0703125,-0.00451808306181593
0.072265625,-0.00267460811092962
0.07421875,-0.00384650682684948
0.076171875,-0.00284633807859396
0.078125,-0.00568596345998454
0.080078125,-0.0033164142965054
0.08203125,-0.00499490678851203
0.083984375,-0.00268516235504451
0.0859375,-0.00218355681451971
0.087890625,-0.0011660058633113
0.08984375,-0.000553655846086006
0.091796875,-0.000523765447534319
0.09375,-0.00136571497565324
0.095703125,-0.000932715060220894
0.09765625,0.00202741772737201
0.099609375,0.00154047925917624
0.1015625,0.00144130873546417
0.103515625,0.00167514326624382
0.10546875,0.00177444274939664
0.107421875,0.00387116766100416
0.109375,0.00122260193252741
0.111328125,0.0026688172297189
0.11328125,0.00240190734541788
0.115234375,0.00414317061033348
0.1171875,0.00330069852222239
0.119140625,0.000204046134548341
0.12109375,0.00355839140436708
0.123046875,0.00329028814636961
0.125,0.00091929666987566
0.126953125,0.00205588825466807
0.12890625,-0.000614045178336874
0.130859375,0.000931632687935956
0.1328125,0.00243915149790651
0.134765625,0.00062344744754037
0.13671875,-2.41038899759751e-05
0.138671875,0.000271229351614244
0.140625,-0.000287802328205826
0.142578125,0.000274850747581152
0.14453125,-0.000793751704133749
0.146484375,-0.000376995311041603
0.1484375,-0.00222242355122308
0.150390625,-0.000862392333529615
0.15234375,-0.000377687125533211
0.154296875,-2.24835486161111e-05
0.15625,-0.000853006677790988
0.158203125,-0.000806125714887373
0.16015625,-0.00146820355433322
0.162109375,0.00044630175182682
0.1640625,9.7657456095269e-05
0.166015625,0.000493203349871837
0.16796875,-0.00104730435937922
0.169921875,0.00168696974021752
0.171875,7.86508625080648e-05
0.173828125,-0.000317228138220175
0.17578125,-0.000656510383923151
0.177734375,-0.000639213686310943
0.1796875,-0.00071378647846766
0.181640625,0.000334584682756543
0.18359375,0.001565187535776
0.185546875,0.00108594430173153
0.1875,-1.54439076044472e-05
0.189453125,-4.2812793548392e-05
0.19140625,-0.000513477210523147
0.193359375,0.0017111252752104
0.1953125,3.73332305578749e-05
0.197265625,-8.93922671025085e-06
0.19921875,0.00208515406130087
0.201171875,-0.00122053935134197
0.203125,-0.000796609260038537
0.205078125,-0.000603679320461788
0.20703125,0.000506616409749827
0.208984375,-0.00163646996513975
0.2109375,-0.000252888498317735
0.212890625,-0.00171457992908942
0.21484375,0.000351995085658167
0.216796875,0.00081600995357299
0.21875,-0.00143914479448746
0.220703125,-0.00118328733402833
0.22265625,0.000331903556010271
0.224609375,-0.00071623594814492
0.2265625,-0.00124856676157542
0.228515625,-0.000617200104858086
0.23046875,-0.000295176565478153
0.232421875,-0.0019071621725667
0.234375,-0.000692327004182359
0.236328125,-0.00133275953115617
0.23828125,-0.000628915609778768
0.240234375,-0.00102890091526503
0.2421875,-0.00297542217237146
0.244140625,0.000146666900189875
0.24609375,-1.18490795734331e-06
0.248046875,0.00144514592501988
0.25,0.000836723111788781
0.251953125,0.00209514514849393
0.25390625,0.000557603825540945
0.255859375,0.00220526709397589
0.2578125,0.0032394878268173
0.259765625,0.00125645582626464
0.26171875,-0.000607526252756454
0.263671875,0.000861938752946785
0.265625,0.000803823680493808
0.267578125,0.0014810948845166
0.26953125,-0.000988789190992215
0.271484375,0.00253890898367119
0.2734375,0.00194629598232463
0.275390625,0.000895274674781596
0.27734375,0.000696038244636716
0.279296875,0.00124619368670745
0.28125,0.00114356800859564
0.283203125,-0.000271813868999759
0.28515625,0.000521472934923963
0.287109375,-0.000198230706704792
0.2890625,-0.000556270873416726
0.291015625,0.00149065756524305
0.29296875,-0.00036637154345003
0.294921875,-0.000685074943293122
0.296875,0.000835636474306132
0.298828125,-0.00147062264439089
0.30078125,8.13537950392881e-05
0.302734375,-0.00019982254953189
0.3046875,-0.00325462997133521
0.306640625,-0.0024534701967207
0.30859375,0.00132724613951298
0.310546875,-0.000201020490124528
0.3125,-0.000386589519266927
0.314453125,-0.000632194983095263
0.31640625,-0.000502350515440185
0.318359375,0.000137301507648774
0.3203125,-0.00192257608060688
0.322265625,-0.00136705516252134
0.32421875,-0.000283189031652089
0.326171875,-0.000353545164610889
0.328125,-0.000743276566711021
0.330078125,8.09845299101023e-05
0.33203125,0.000874146233718044
0.333984375,0.000247283491644775
0.3359375,0.000493817583745344
0.337890625,-0.000319628392326322
0.33984375,-0.00036725821051856
0.341796875,-0.000833284594757638
0.34375,0.000660241545325434
0.345703125,-0.000858013095672587
0.34765625,0.000370933530576925
0.349609375,0.00219842786669659
0.3515625,-0.000131545620791586
0.353515625,9.83475336048161e-05
0.35546875,-0.000108020307624248
0.357421875,0.0016418282874039
0.359375,-0.000487897266777516
0.361328125,0.00186853478658315
0.36328125,-0.000118187235611678
0.365234375,0.00259181125210803
0.3671875,-0.000569160039323253
0.369140625,0.000202915163632333
0.37109375,-0.000202898381398539
0.373046875,-0.000437647331325245
0.375,-0.000678360496916016
0.376953125,-0.000301172085307015
0.37890625,0.00072009710750828
0.380859375,-0.00034693340263184
0.3828125,0.000759559115721086
0.384765625,0.00156829787859464
0.38671875,-0.00177968361203542
0.388671875,-0.000537202404930686
0.390625,0.000266823291976269
0.392578125,-0.00124346271601664
0.39453125,9.33666059374237e-05
0.396484375,0.000582897823606389
0.3984375,-0.00023494948545891
0.400390625,0.000733706882399111
0.40234375,-0.00023513425188027
0.404296875,0.00143757225261147
0.40625,0.00149470596913464
0.408203125,0.00150106756363638
0.41015625,0.00124638805834232
0.412109375,0.000920139128592832
0.4140625,0.000315390706940958
0.416015625,-0.000346074793220971
0.41796875,0.000581689757479956
0.419921875,0.000754120223779201
0.421875,-0.00090405634321682
0.423828125,-0.000734635648023579
0.42578125,0.000243603140274813
0.427734375,-0.00172822550068336
0.4296875,-0.00150560600626986
0.431640625,0.000109476654594069
0.43359375,-0.000226209572521824
0.435546875,-0.000750641791350409
0.4375,-0.000606689890833825
0.439453125,5.98679753827851e-06
0.44140625,-0.000184554093145191
0.443359375,-0.000889586838829917
0.4453125,-0.00197749534323562
0.447265625,-0.00117358718461325
0.44921875,-1.4816558196901e-05
0.451171875,-0.0010199405773165
0.453125,-0.00161710206942585
0.455078125,-0.000120143043458291
0.45703125,-0.00111802496680459
0.458984375,-0.000291316870894484
0.4609375,-0.00029333941110354
0.462890625,-0.000289870918155008
0.46484375,-0.000819803959137598
0.466796875,-0.000685581219402702
0.46875,-0.000681485869051468
0.470703125,0.000137289322152371
0.47265625,-0.000866867415725103
0.474609375,-0.000281505764446052
0.4765625,-0.00124868279232036
0.478515625,-0.000536133109493162
0.48046875,0.000605463523695838
0.482421875,0.000108988006834228
0.484375,-1.5370207120509e-05
0.486328125,0.00132335195585658
0.48828125,0.000471040876582301
0.490234375,0.00127640082510171
0.4921875,-0.000752089814736747
0.494140625,0.00144506347906636
0.49609375,0.000871566138839264
0.498046875,0.000890929813870016
0.5,0.000511946194992964
0.501953125,0.000728734378382791
0.50390625,0.000577533941250686
0.505859375,-0.000223862012415865
0.5078125,8.76274658027817e-05
0.509765625,0.000513817379114331
0.51171875,0.000596243278140969
0.513671875,0.000256624760956462
0.515625,-0.000457484566410457
0.517578125,0.000929840819718487
0.51953125,-4.56743003332397e-05
0.521484375,-0.00154870568059025
0.5234375,-0.000416338219929516
0.525390625,0.00012881151942887
0.52734375,-0.0014921438016942
0.529296875,4.91594677352996e-05
0.53125,0.000628489908310353
0.533203125,-0.000646992062478901
0.53515625,-0.00107568734486243
0.537109375,0.000997288695426366
0.5390625,-7.64100436299974e-05
0.541015625,0.000266682825017144
0.54296875,-0.00128413411068518
0.544921875,-0.000462386283088058
0.546875,0.000528545220796989
0.548828125,0.000786392389835834
0.55078125,0.000122633627880852
0.552734375,0.00123155655948693
0.5546875,0.000899998692727346
0.556640625,-0.000768953455331704
0.55859375,8.45390114221849e-05
0.560546875,-0.000457601547924768
0.5625,4.718942865254e-05
0.564453125,-0.000464377065431431
0.56640625,0.000590882854596048
0.568359375,-0.00078978595303466
0.5703125,-0.000546071794115037
0.572265625,0.00258253860354121
0.57421875,0.00147831854725355
0.576171875,8.48494695750407e-05
0.578125,0.000644472576732248
0.580078125,-0.0021097996654855
0.58203125,0.00107793750746682
0.583984375,0.000547729614547984
0.5859375,-0.00124455516417923
0.587890625,0.0022353725424707
0.58984375,0.000414968256261479
0.591796875,-0.00118311028006079
0.59375,-0.00126105751025506
0.595703125,-0.000154392453192876
0.59765625,0.000613504190807653
0.599609375,-0.000706217311815622
0.6015625,-0.00171358449459365
0.603515625,-4.1703733161795e-05
0.60546875,-0.00118735877419174
0.607421875,-0.00131383624297747
0.609375,-0.000180365994369237
0.611328125,0.000413445278491342
0.61328125,-0.000146263685523013
0.615234375,0.000612234457802916
0.6171875,-0.000481479409859751
0.619140625,0.000133052940620938
0.62109375,2.14392623742696e-05
0.623046875,-0.000716943924081859
0.625,-0.000357075127807227
0.626953125,0.000320953748650951
0.62890625,0.0017924919457206
0.630859375,0.00240582908255371
0.6328125,0.0028047097286652
0.634765625,0.000376476312958049
0.63671875,0.00107705284192506
0.638671875,0.00176093791072046
0.640625,-0.000414352212431237
0.642578125,-0.000833849102078386
0.64453125,0.00126806926157238
0.646484375,0.000335273372803299
0.6484375,-2.20421845103548e-05
0.650390625,0.000931228743064825
0.65234375,-7.75514700363322e-05
0.654296875,0.00109941734209052
0.65625,0.000334500261907536
0.658203125,0.000240480155693526
0.66015625,-0.000266090182365022
0.662109375,-0.000743340210104327
0.6640625,9.17843123496886e-05
0.666015625,-0.000274429969662451
0.66796875,0.000961829278034295
0.669921875,-0.00111352442016413
0.671875,-0.00176163705689748
0.673828125,-0.00159697035969165
0.67578125,-0.0012390098164105
0.677734375,-0.00129107202730046
0.6796875,0.000614898977035905
0.681640625,-0.00160862317118459
0.68359375,-0.00120071669599989
0.685546875,-0.000653354707966329
0.6875,-0.000624666518580092
0.689453125,-0.00043179735612339
0.69140625,0.000212946879622806
0.693359375,0.000663932192639634
0.6953125,0.000794032908817624
0.697265625,-0.00110423243766253
0.69921875,-0.000822103948544238
0.701171875,0.000212319288401663
0.703125,-0.00143677891815276
0.705078125,-0.000366188872856944
0.70703125,-0.000909378834628222
0.708984375,8.11564305842725e-05
0.7109375,0.000486306838253947
0.712890625,0.000208824153972945
0.71484375,-0.000598690889335147
0.716796875,0.000424259421048121
0.71875,0.000687559059164387
0.720703125,0.000555721899763561
0.72265625,0.00120657753391142
0.724609375,0.000229202423516505
0.7265625,0.000859332563376189
0.728515625,-0.00129608213760041
0.73046875,-0.00164128150974257
0.732421875,0.00104895663918651
0.734375,0.000531000430399436
0.736328125,0.00020062625071283
0.73828125,-0.0021241680817387
0.740234375,0.00173662411317911
0.7421875,-7.78918719311154e-05
0.744140625,-0.000793496430507422
0.74609375,-0.000721702556011765
0.748046875,-0.00037226743409321
0.75,0.000990425322790695
0.751953125,-0.00039328766342217
0.75390625,-0.00189283435566105
0.755859375,-0.000337258174280344
0.7578125,-0.000546391167612952
0.759765625,-0.000531323300618385
0.76171875,0.000216551737186323
0.763671875,-0.000477699488383424
0.765625,0.000212043422855434
0.767578125,-0.000870092763301525
0.76953125,0.000542562254043373
0.771484375,-0.000662529557434452
0.7734375,0.000771213413426014
0.775390625,-0.00153433177673098
0.77734375,-0.00031892805868209
0.779296875,0.00025193080018121
0.78125,-0.000984501359549423
0.783203125,0.000800208796606934
0.78515625,-0.000184702555776951
0.787109375,0.000256701021330826
0.7890625,-0.0020537928923904
0.791015625,-0.00028478056882484
0.79296875,0.000583806223955631
0.794921875,-0.00125530650209685
0.796875,0.00178336036334351
0.798828125,-0.00104092310550552
0.80078125,0.00157483796597736
0.802734375,-0.000515120340821147
0.8046875,-0.00110183831758407
0.806640625,0.000811260270931576
0.80859375,0.00145885909094458
0.810546875,0.00125336039244668
0.8125,0.0019877008677571
0.814453125,0.000673873926432424
0.81640625,-0.00191301521064316
0.818359375,0.000594230804969948
0.8203125,-0.000173331579234346
0.822265625,-0.00141900579062462
0.82421875,0.000368900761962089
0.826171875,-0.000887912945961466
0.828125,0.000725891671432745
0.830078125,-0.000759345337526364
0.83203125,-0.000480711069336424
0.833984375,-0.00155705781416769
0.8359375,-4.17877087844479e-05
0.837890625,-0.000216862735407846
0.83984375,0.00165378995595108
0.841796875,-0.000401989838438258
0.84375,6.10852678141733e-05
0.845703125,-0.000396338871266812
0.84765625,-0.000718728687424441
0.849609375,-0.00106890022927257
0.8515625,-0.000108528313131056
0.853515625,0.00122003592133783
0.85546875,-0.000425215377774459
0.857421875,-0.00212675561647985
0.859375,-0.000758248504939009
0.861328125,-0.00112306181854374
0.86328125,0.000307692566975802
0.865234375,0.00156598171340323
0.8671875,-0.00137172682088274
0.869140625,0.000220926408825043
0.87109375,-0.000990240605661009
0.873046875,-0.000254786956136838
0.875,0.000493720065632719
0.876953125,0.000684920803542841
0.87890625,0.000998010600314737
0.880859375,0.000913884508510078
0.8828125,0.00028625726590439
0.884765625,0.000580211691339519
0.88671875,0.00125633435935455
0.888671875,-0.000153155145118143
0.890625,0.00225710840551871
0.892578125,-0.000578536463221525
0.89453125,0.0013491076205012
0.896484375,0.000557961085708193
0.8984375,0.0012480872773297
0.900390625,0.000997675346412728
0.90234375,0.000743874471505382
0.904296875,0.000468334211340493
0.90625,0.000960591214107456
0.908203125,0.00107940214294519
0.91015625,-0.000124172397849933
0.912109375,-0.00134191826952391
0.9140625,-0.000262898426797687
0.916015625,0.002179548274931
0.91796875,-0.000872519418289485
0.919921875,-0.000655098791414116
0.921875,-0.000587351631237939
0.923828125,-0.000167408197490118
0.92578125,0.00190410569206824
0.927734375,-5.27796333606602e-05
0.9296875,-0.000380139383255013
0.931640625,-0.00166772137562871
0.93359375,8.39205174155187e-05
0.935546875,-0.000422757850191658
0.9375,-0.00110108866166026
0.939453125,-0.00186780843717202
0.94140625,0.000466842157980603
0.943359375,0.000130396302896618
0.9453125,-6.50519066657653e-05
0.947265625,-0.00148582832445643
0.94921875,-0.00091062092371137
0.951171875,-0.00105023930373357
0.953125,-0.000250667293716781
0.955078125,-0.000635197496254636
0.95703125,-0.000674101500214329
0.958984375,-0.000218219112647568
0.9609375,-0.000764061739205757
0.962890625,0.000361605669360965
0.96484375,0.000607268771727235
0.966796875,7.92718286422481e-05
0.96875,0.000206561510283678
0.970703125,0.00067988316781861
0.97265625,-0.00155394429194232
0.974609375,0.000828603523452408
0.9765625,0.00149860544440475
0.978515625,0.00196806322880408
0.98046875,-0.000360039400524584
0.982421875,0.000386632622092449
0.984375,0.000626158670042985
0.986328125,0.00278204226584997
0.98828125,-0.000738847493895509
0.990234375,-0.000112747675826827
0.9921875,0.00123260103711567
0.994140625,-0.00206160977236882
0.99609375,-0.000527131718717632
0.998046875,-0.000861195157391629
1,4.68972386682783e-05
1.001953125,-0.000461325848684784
1.00390625,0.000710251098016036
1.005859375,0.00128746052449535
1.0078125,0.00179339607178036
1.009765625,-0.000648844795246513
1.01171875,0.000429016433658696
1.013671875,-0.00172930450747352
1.015625,-4.6234620449357e-05
1.017578125,-0.000358362384742393
1.01953125,0.00193870750371901
1.021484375,-0.00026085606833253
1.0234375,-0.000460495732175432
1.025390625,1.13371370044112e-06
1.02734375,0.000625732792086014
1.029296875,0.000267589146489557
1.03125,0.00077136826702407
1.033203125,0.00019366930964238
1.03515625,-0.00099321957498321
1.037109375,0.001151328496495
1.0390625,0.000921246006142835
1.041015625,0.000781623291000903
1.04296875,0.000255833223858124
1.044921875,-9.01603471664419e-05
1.046875,0.00155032758354456
1.048828125,-0.000857505600256871
1.05078125,-0.0013259738344043
1.052734375,-0.000230032084905108
1.0546875,0.00144093416560814
1.056640625,-0.00120417106640818
1.05859375,-0.000264942759548188
1.060546875,-0.000219700450692251
1.0625,-2.41075985737605e-05
1.064453125,-2.18549369480277e-05
1.06640625,-0.00125438467835534
1.068359375,-0.000163608787888198
1.0703125,-0.000144376468600828
1.072265625,-0.00184564824845633
1.07421875,-0.000823374983457621
1.076171875,-0.00121190078880007
1.078125,0.000263970422555998
1.080078125,-0.000601768986063865
1.08203125,-0.000146576969420584
1.083984375,0.000707144972718472
1.0859375,0.000452957239184054
1.087890625,0.000794260563096375
1.08984375,-0.000633977066049438
1.091796875,-0.000291397768168014
1.09375,0.000620958838607419
1.095703125,-0.000756310751563066
1.09765625,-0.000173573371775808
1.099609375,0.0016777573197794
1.1015625,-0.000925201323407029
1.103515625,-0.000379749603594417
1.10546875,-0.00110141407174419
1.107421875,0.000750927801831396
1.109375,0.000171770324580147
1.111328125,0.0010109450781533
1.11328125,0.000569257638607123
1.115234375,-0.00128752327678906
1.1171875,0.00269108274024527
1.119140625,0.000927598385906648
1.12109375,-0.000265451986887091
1.123046875,-2.65522831529595e-05
1.125,0.00106630994816228
1.126953125,0.00105900862481827
1.12890625,0.00218544291117652
1.130859375,0.000728724764285113
1.1328125,-0.00010666318358761
1.134765625,-0.000966498421572538
1.13671875,-0.00107196730298224
1.138671875,0.00155460102615466
1.140625,-0.00128459431995517
1.142578125,0.00314134105291748
1.14453125,-0.00117924306042381
1.146484375,-0.000857771623443276
1.1484375,-0.000185512922293994
1.150390625,-1.08025824940451e-06
1.15234375,-0.0018180776095296
1.154296875,0.00038901554796829
1.15625,-0.000265292421387981
1.158203125,-0.00125652623132295
1.16015625,0.00121363576729969
1.162109375,0.000554101005275817
1.1640625,-7.63435598031502e-05
1.166015625,-0.000364683988308941
1.16796875,0.000476912901943498
1.169921875,7.69832170242922e-06
1.171875,-0.00122905711536462
1.173828125,0.000418092384780289
1.17578125,-0.00106730790457954
1.177734375,0.000161495432183435
1.1796875,-0.00206411551804279
1.181640625,0.00139979566077538
1.18359375,-0.000100294214401476
1.185546875,-0.000656136034293926
1.1875,0.000307791685738512
1.189453125,-0.00125870289320712
1.19140625,-0.000305105165102169
1.193359375,0.000613650344917496
1.1953125,-0.00117726279939553
1.197265625,0.000802672302382414
1.19921875,0.00094037470140499
1.201171875,0.00123772742308328
1.203125,-0.000461225569463009
1.205078125,0.0021618695662249
1.20703125,-0.000791499247067172
1.208984375,0.000754456320847043
1.2109375,0.00102711550594213
1.212890625,0.0007503230430924
1.21484375,0.000409005528946539
1.216796875,-0.000301281547699369
1.21875,-0.00207159746403005
1.220703125,0.00013328175188
1.22265625,-0.000604005702547901
1.224609375,3.13758450806287e-05
1.2265625,0.000709022036569025
1.228515625,0.00068262085356663
1.23046875,0.00100640470807602
1.232421875,0.00114842005996768
1.234375,-0.00173353732411127
1.236328125,0.000220045794771772
1.23828125,-0.000415430053625868
1.240234375,6.98724830290549e-05
1.2421875,-0.00104126252960643
1.244140625,0.000227838232195836
1.24609375,0.00180826819746429
1.248046875,0.00211389331339009
1.25,-0.000680900524770896
1.251953125,0.00193985525620097
1.25390625,-0.000689512826293261
1.255859375,0.000620798411625262
1.2578125,0.000669530010986305
1.259765625,0.00192866491245806
1.26171875,0.000166293005119921
1.263671875,0.00171428180292382
1.265625,0.000938889052866289
1.267578125,-0.000352176968931579
1.26953125,0.00167246593597125
1.271484375,-0.00052535028857858
1.2734375,0.000748646533820677
1.275390625,0.000354345347250118
1.27734375,0.000450041902238138
1.279296875,-0.000868357700793393
1.28125,0.00174365557980876
1.283203125,0.00074806309838002
1.28515625,-5.53427343901224e-06
1.287109375,1.5154142671052e-05
1.2890625,-0.00172402436645718
1.291015625,0.00044779186413281
1.29296875,0.000109273391137525
1.294921875,0.00070879705779383
1.296875,-0.00102591670058746
1.298828125,-0.000757162924718684
1.30078125,-0.00192375169919451
1.302734375,-0.000752496121200566
1.3046875,0.00100873421709289
1.306640625,-5.85039882519245e-05
1.30859375,-0.000340244400550711
1.310546875,0.000799892258883582
1.3125,-0.00184733363268262
1.314453125,-0.000919733104545989
1.31640625,0.000280225692161377
1.318359375,0.000454285926824502
1.3203125,0.000328022521052802
1.322265625,-0.00121438453366115
1.32421875,0.000463747369844965
1.326171875,0.000450886549351846
1.328125,0.000585664080414297
1.330078125,-0.000472733002683145
1.33203125,-0.000290449575890955
1.333984375,0.00242116030750778
1.3359375,0.000690556661334721
1.337890625,0.00104088588095031
1.33984375,0.000546848272272602
1.341796875,-2.00830535820503e-05
1.34375,0.000370127378582556
1.345703125,0.000470135785833066
1.34765625,-0.000424407540158174
1.349609375,0.000367399930416274
1.3515625,0.000509275875368732
1.353515625,0.00207665676797813
1.35546875,-0.00195933284015563
1.357421875,-0.00109201044723874
1.359375,0.000356875783671885
1.361328125,0.00209353896190251
1.36328125,0.000163598452432825
1.365234375,0.000480722805106327
1.3671875,0.000996207015829152
1.369140625,0.00149708995730401
1.37109375,0.00286014009404656
1.373046875,0.00262619890451902
1.375,-6.05374254910749e-05
1.376953125,0.00083800274542447
1.37890625,0.000763872400501606
1.380859375,6.97288190096029e-05
1.3828125,-0.00124636529993904
1.384765625,-0.00097425936852327
1.38671875,-0.00119532008352461
1.388671875,-0.000957831594520162
1.390625,0.00183166880482759
1.392578125,0.00240297904695452
1.39453125,-2.74446616438629e-05
1.396484375,0.000522600467553742
1.3984375,-0.0009368470667781
1.400390625,-0.000536208475826547
1.40234375,-7.81986951142655e-05
1.404296875,-0.000839956311598888
1.40625,0.00112793229637386
1.408203125,-0.000722012669528059
1.41015625,0.000454955154908348
1.412109375,0.000396295550579577
1.4140625,-0.000437961388205165
1.416015625,-0.00112148341999989
1.41796875,0.000432759353627493
1.419921875,-0.00161190096776748
1.421875,-0.000865330968204547
1.423828125,-0.000897011814310483
1.42578125,-0.00162717074260186
1.427734375,0.00100450618594975
1.4296875,-0.000126363513158595
1.431640625,-0.000825046743915609
1.43359375,0.000246167877699272
1.435546875,-0.00167731597954801
1.4375,-0.000400708660421989
1.439453125,-0.000156231702971548
1.44140625,-0.00153686837191965
1.443359375,0.000337441755072878
1.4453125,0.00202957618524346
1.447265625,-0.000765930808772996
1.44921875,0.000478728942449793
1.451171875,-0.0011592396932329
1.453125,-0.000834359912436386
1.455078125,0.0009016177346829
1.45703125,0.000363416938656827
1.458984375,-0.00107476939514917
1.4609375,0.00100057437895883
1.462890625,0.000418781388059309
1.46484375,0.00189354192317045
1.466796875,0.00141556161342466
1.46875,0.000903573644524915
1.470703125,0.00128984276820513
1.47265625,0.000102954442961955
1.474609375,-4.4177215411692e-05
1.4765625,0.000489364427198846
1.478515625,-0.00157059666182337
1.48046875,0.00111050041505167
1.482421875,-0.00144840788234832
1.484375,-0.000874765739765381
1.486328125,0.00046232279210828
1.48828125,0.000473872441073175
1.490234375,0.000349541963492837
1.4921875,-0.00148758671911047
1.494140625,0.00131431087559396
1.49609375,-0.000108732498392997
1.498046875,-0.000609932306738602
1.5,-0.00152394912752037
1.501953125,-0.000370570126643364
1.50390625,0.00120259713844478
1.505859375,8.77903459201884e-05
1.5078125,0.000564482211441856
1.509765625,0.000264976428219256
1.51171875,-0.000302200810854933
1.513671875,-0.000182657219255897
1.515625,-0.00204650151494076
1.517578125,-0.00110684435319809
1.51953125,0.000245822031288363
1.521484375,-0.000405187527931829
1.5234375,0.000403194902566287
1.525390625,-0.000103694292752255
1.52734375,-0.000139697272285926
1.529296875,-0.000564245633081865
1.53125,-0.00106901825185561
1.533203125,-6.44919572468319e-05
1.53515625,0.00181333029154356
1.537109375,-0.000604281710983211
1.5390625,0.00168346575472315
1.541015625,0.00073963618018108
1.54296875,-0.00135692631176573
1.544921875,-0.00128081735558977
1.546875,-0.0011445697421443
1.548828125,0.000170156866015935
1.55078125,-0.00064019592393263
1.552734375,-0.00139268650120449
1.5546875,0.00178137798881898
1.556640625,0.00126152520489125
1.55859375,0.00206258579231909
1.560546875,0.0007020421632596
1.5625,-0.000116193672998606
1.564453125,-0.000660968345393187
1.56640625,0.000381175040907861
1.568359375,0.00250876998643149
1.5703125,-0.00211215011210241
1.572265625,0.00013431391887777
1.57421875,-0.000279308692122243
1.576171875,0.000603583647161424
1.578125,-0.00155571834704738
1.580078125,-0.000630029459672976
1.58203125,-5.47466878286018e-05
1.583984375,-0.00218306143568093
1.5859375,-0.000148624086485329
1.587890625,-0.00112265543011833
1.58984375,0.000543601759841797
1.591796875,0.000763700822565473
1.59375,0.000751345460432702
1.595703125,-0.000498216643111418
1.59765625,-0.000709195994285552
1.599609375,-0.000101265042414912
1.6015625,0.000254286983902673
1.603515625,0.000483522381259335
1.60546875,-0.000438680925348626
1.607421875,-0.00105821866787021
1.609375,0.000251309497711122
1.611328125,0.00110058292840699
1.61328125,0.00163161881124703
1.615234375,0.00169835938805925
1.6171875,-0.000305443156212991
1.619140625,0.000106650009623151
1.62109375,0.000457531292455449
1.623046875,0.000752595411999397
1.625,-0.000798619703787934
1.626953125,0.000205510290178669
1.62890625,0.000435860014759868
1.630859375,0.00198438975561086
1.6328125,-0.000199637852201491
1.634765625,0.000678718364649039
1.63671875,0.000219557176309191
1.638671875,-0.000625493413641545
1.640625,-0.000151767076043709
1.642578125,-0.0015115287770707
1.64453125,0.00216811284528211
1.646484375,-0.000883166837011692
1.6484375,-0.000340114065360532
1.650390625,-0.000655541342674361
1.65234375,0.00142023567538208
1.654296875,-0.000185283292463135
1.65625,0.00084132092202995
1.658203125,0.000233253384357397
1.66015625,-0.000696551263708578
1.662109375,-0.000769542508563795
1.6640625,0.000687181791554673
1.666015625,-0.00122689015165794
1.66796875,0.000324032288926626
1.669921875,0.000295507651649827
1.671875,0.0011517757739088
1.673828125,-0.00150006958364874
1.67578125,-0.000514957756594683
1.677734375,-0.00181921227849725
1.6796875,-0.000630893255893793
1.681640625,-0.000199728632331805
1.68359375,3.67840129794812e-05
1.685546875,-0.000121885082131579
1.6875,-0.00112056312399343
1.689453125,0.0010673231730109
1.69140625,0.000879765656249239
1.693359375,-0.000836344324333706
1.6953125,-0.000229627195210675
1.697265625,0.000179900467819802
1.69921875,0.00197192996389885
1.701171875,-0.000526934893239025
1.703125,-0.000851031241854949
1.705078125,0.000275538304072061
1.70703125,-0.000632689525240202
1.708984375,8.35471849832221e-05
1.7109375,0.00127049799840818
1.712890625,-0.000455479050690566
1.71484375,1.81253129342976e-05
1.716796875,0.000748173765192566
1.71875,0.00288218123068817
1.720703125,0.00124151691437868
1.72265625,0.001902702284457
1.724609375,0.00148229122434423
1.7265625,0.000554345912638105
1.728515625,0.000624942205641112
1.73046875,0.000674921686634706
1.732421875,0.000538787162444712
1.734375,0.00315716479333929
1.736328125,-0.000220194014491477
1.73828125,-0.00148178689233814
1.740234375,0.00121453766032029
1.7421875,-0.000760214772353493
1.744140625,-0.000697326637248925
1.74609375,0.000969373269791174
1.748046875,-0.000619675061871578
1.75,-0.000657038564181713
1.751953125,0.0018142085048589
1.75390625,0.000580165419679743
1.755859375,-0.00206280477509438
1.7578125,-0.000394235884695704
1.759765625,-0.000366282219283543
1.76171875,0.0003655071577108
1.763671875,-0.000828556930352792
1.765625,-0.0015712796801691
1.767578125,-0.00118572620246355
1.76953125,-0.00104689877549089
1.771484375,0.00100061095657469
1.7734375,0.0011939616521712
1.775390625,-0.000324712540303576
1.77734375,-0.000474015906446086
1.779296875,0.000200546885933631
1.78125,-0.000416382873783364
1.783203125,-0.000364877495224349
1.78515625,-0.000937558441395989
1.787109375,0.000902134480917519
1.7890625,0.00154920883518726
1.791015625,0.00118417560887804
1.79296875,0.000685649034575706
1.794921875,0.000403222032957173
1.796875,0.00086576496000321
1.798828125,0.00035164218431833
1.80078125,0.00143316121233263
1.802734375,0.00147359502029901
1.8046875,0.000414588803129931
1.806640625,5.63795982192914e-05
1.80859375,0.00230811838027211
1.810546875,0.00198312871135223
1.8125,-0.000207110911707416
1.814453125,1.66823425910316e-05
1.81640625,0.00111890761298986
1.818359375,0.000295636413421314
1.8203125,-0.000981650054831648
1.822265625,0.000826955416103748
1.82421875,-0.00214532780973066
1.826171875,-0.000763554407309133
1.828125,-0.000388023338923896
1.830078125,-0.000598186376591744
1.83203125,-0.00051317192007819
1.833984375,-0.000114462041403559
1.8359375,-0.000438440789477582
1.837890625,-0.000288400719441523
1.83984375,-0.000585254845536361
1.841796875,-0.00143379373587089
1.84375,-1.0152422977304e-05
1.845703125,-0.000683332418059947
1.84765625,-0.000894513312116264
1.849609375,-0.00197616077936714
1.8515625,0.000339916189229338
1.853515625,-0.000505402727748831
1.85546875,0.000412390537033603
1.857421875,0.000600639877816626
1.859375,0.000626697008384071
1.861328125,-0.000272009565112523
1.86328125,-0.000722148991416052
1.865234375,0.00126374730311111
1.8671875,-0.000654088865259987
1.869140625,-0.00226057627457872
1.87109375,0.00134370186164047
1.873046875,0.000840558293739386
1.875,-0.000853934370141523
1.876953125,0.000702519486532214
1.87890625,0.000536491848049849
1.880859375,0.000548950345313444
1.8828125,-0.000458934855097446
1.884765625,0.00137579345223004
1.88671875,0.00162572049508976
1.888671875,0.00124789192900714
1.890625,-0.00219040703478617
1.892578125,-0.000228523254457862
1.89453125,-0.000116109674479364
1.896484375,-0.000812644940529837
1.8984375,0.000619479251461049
1.900390625,0.000787744993713607
1.90234375,-0.000478099983578328
1.904296875,0.000435885006348983
1.90625,-0.0012817531857235
1.908203125,0.000461030903701751
1.91015625,-0.00104706725473759
1.912109375,-0.000899198310663115
1.9140625,0.000590265545170464
1.916015625,0.00114058807672586
1.91796875,-0.000707867086817851
1.919921875,-9.70459737123591e-05
1.921875,-0.000458199738984643
1.923828125,-0.000518085910599148
1.92578125,0.00133434846463006
1.927734375,5.68433086820854e-05
1.9296875,-0.000565825926084688
1.931640625,-0.000580679903461227
1.93359375,0.00135809570687829
1.935546875,0.0031494412095273
1.9375,0.000513396419379828
1.939453125,-0.000976807180723893
1.94140625,-0.00132270679333415
1.943359375,0.000404510678842238
1.9453125,0.00206416576531099
1.947265625,-0.000130245356006513
1.94921875,-0.00292670630507428
1.951171875,0.000581380149788271
1.953125,-3.93747809061834e-05
1.955078125,-0.0009507240762549
1.95703125,-0.0018106174835831
1.958984375,0.00149558609567281
1.9609375,-0.00246679654896686
1.962890625,0.000254120061236259
1.96484375,0.000174255346292213
1.966796875,0.00126290626381629
1.96875,0.00105755156211199
1.970703125,-0.000514775628437853
1.97265625,0.00140392364555062
1.974609375,-0.000872637452835092
1.9765625,-0.000420701706642618
1.978515625,-3.6934118664956e-05
1.98046875,0.000312335518451351
1.982421875,4.2493344317124e-05
1.984375,0.000163766087696249
1.986328125,0.000488386843849759
1.98828125,-0.00156143717022278
1.990234375,0.00127151321071272
1.9921875,-0.00224872706274172
1.994140625,-0.000782902920084228
1.99609375,0.00148403645756295
1.998046875,-0.000261960007263375
2,-0.00055505748575778
2.001953125,0.000225604019903844
2.00390625,-0.000187964398740879
2.005859375,0.000890124441762705
2.0078125,0.00129403191124032
2.009765625,0.00176239218221118
2.01171875,-0.000610401194256444
2.013671875,-0.000694169932324142
2.015625,-0.000130831944000849
2.017578125,0.000600008087529603
2.01953125,0.00149242938358149
2.021484375,-0.00164282394340533
2.0234375,0.000861951056267018
2.025390625,0.000247488076123658
2.02734375,0.000597984322677918
2.029296875,0.00203338964368255
2.03125,-0.000248801995833184
2.033203125,-0.000697137839769543
2.03515625,0.000422046870280279
2.037109375,0.00132825280012844
2.0390625,0.000469451691137627
2.041015625,0.00134738288002513
2.04296875,-0.000474563675537474
2.044921875,-0.000782350040105091
2.046875,0.000676825439915819
2.048828125,-0.00107944341132914
2.05078125,-0.000555517810413877
2.052734375,-0.000932827942524489
2.0546875,0.00123592745827383
2.056640625,-0.000996251692176714
2.05859375,0.000358998755111401
2.060546875,-0.000695411981150703
2.0625,-0.00109715194788427
2.064453125,0.00254586284816536
2.06640625,-0.00256507842335047
2.068359375,0.000325924557766863
2.0703125,-9.97604043254666e-05
2.072265625,-0.000407532397335734
2.07421875,-0.00106176010482599
2.076171875,0.000635937411661193
2.078125,9.06097127215889e-05
2.080078125,-0.00114922622394766
2.08203125,-0.000109514519667582
2.083984375,-0.000871455037750489
2.0859375,0.000354788505399956
2.087890625,-0.000212082193325531
2.08984375,-0.00118947965891948
2.091796875,0.000563936250350425
2.09375,-0.000778525778582186
2.095703125,-0.000256057168984313
2.09765625,-0.000176826740779816
2.099609375,-0.000503019909456289
2.1015625,1.8535558361611e-05
2.103515625,0.00168035312393125
2.10546875,0.000516917973845515
2.107421875,-0.000980500577507013
2.109375,0.00177556360396251
2.111328125,-0.00081125682814609
2.11328125,-0.000638807985453267
2.115234375,0.000804810596958866
2.1171875,0.00146474941535234
2.119140625,0.000640760672093141
2.12109375,-0.000543510725291625
2.123046875,0.00121615597144718
2.125,0.000864521460216045
2.126953125,-0.0023790628212543
2.12890625,7.94268458129701e-05
2.130859375,-0.000111406242895357
2.1328125,-0.000723183792924602
2.134765625,0.000516443926864113
2.13671875,0.000445836825685185
2.138671875,-0.00134025715676515
2.140625,0.000554953715956707
2.142578125,-9.34405976999874e-05
2.14453125,-0.00130471030047795
2.146484375,-0.000904093944260329
2.1484375,0.00119851402044475
2.150390625,-0.00118430688703448
2.15234375,0.00144663435481521
2.154296875,0.000567901669685252
2.15625,-0.0028029510758925
2.158203125,-0.000395152577755232
2.16015625,0.000976188190975223
2.162109375,-0.0017761183732413
2.1640625,-0.00102417953797747
2.166015625,0.000655594420521702
2.16796875,0.00149112280875115
2.169921875,1.99052320595877e-05
2.171875,0.00141891100621957
2.173828125,-0.00133310459839235
2.17578125,-0.000415105786751316
2.177734375,0.000871097515208762
2.1796875,-0.000350966134185102
2.181640625,0.00140445182876618
2.18359375,0.000100689680916307
2.185546875,-0.000191026805388869
2.1875,-0.000463947899407727
2.189453125,0.000437068263731035
2.19140625,0.000974736012899214
2.193359375,-0.000317054423233279
2.1953125,0.000887281038860532
2.197265625,0.000451141043653861
2.19921875,-0.000662428509335867
2.201171875,-0.00169186539699587
2.203125,0.000276627528498597
2.205078125,5.09918270014573e-06
2.20703125,-0.000112241063588729
2.208984375,0.00121543538733548
2.2109375,0.000827826004224115
2.212890625,0.000449929865689965
2.21484375,0.000535952512036378
2.216796875,-0.000682193444178452
2.21875,0.000568739567544984
2.220703125,0.00156567951998173
2.22265625,0.00147476416017169
2.224609375,0.00151203820268113
2.2265625,-0.000497586516254582
2.228515625,0.000269339376568151
2.23046875,-0.000732475178785403
2.232421875,0.000131714950409061
2.234375,5.83787503798364e-05
2.236328125,-0.000736008700753522
2.23828125,-0.00131979204690872
2.240234375,-0.000164750531314024
2.2421875,0.000639625591360126
2.244140625,0.00186730315119061
2.24609375,0.000518895709227348
2.248046875,-0.00174674597536358
2.25,0.00107188301969305
2.251953125,-0.00143091181357338
2.25390625,-0.000752753593386711
2.255859375,0.000296297940732994
2.2578125,0.000546514586465831
2.259765625,-0.00090496017817021
2.26171875,-0.000964998661575936
2.263671875,-0.000459621653042905
2.265625,-0.000777038455045188
2.267578125,0.000604023958191691
2.26953125,0.000228387689163227
2.271484375,0.00114560541952379
2.2734375,0.000221876934725003
2.275390625,-0.000825604943263055
2.27734375,-4.08644491917422e-07
2.279296875,-0.0007626658732474
2.28125,0.00121988492743981
2.283203125,-0.000843755983972934
2.28515625,-0.00108686055017746
2.287109375,0.000307950813293935
2.2890625,-7.72870281237366e-05
2.291015625,-0.00190289357207617
2.29296875,0.000349789256215187
2.294921875,-0.00169773963488933
2.296875,-0.00142495548409952
2.298828125,0.0022762777054445
2.30078125,0.000388949675447051
2.302734375,0.00021864249718033
2.3046875,0.000436533508671832
2.306640625,-0.00100130920161305
2.30859375,-0.00063478901199052
2.310546875,-0.000416302686599484
2.3125,-0.00155952954449165
2.314453125,-0.000432359741743656
2.31640625,-0.00215782658124211
2.318359375,0.00116254031407591
2.3203125,-0.00142844644464712
2.322265625,0.0015440852229984
2.32421875,0.00119784877372091
2.326171875,-0.000140420416550257
2.328125,-0.000587579923962385
2.330078125,5.2642727417066e-06
2.33203125,-4.789534725629e-05
2.333984375,-0.00117831146299563
2.3359375,0.000870921682301299
2.337890625,-0.000201982720804647
2.33984375,-0.000656701733680746
2.341796875,-0.0018668498255933
2.34375,-0.000700889612358181
2.345703125,0.000196189932443643
2.34765625,-0.000986467840810921
2.349609375,0.000992592609342178
2.3515625,0.000307947991277368
2.353515625,-0.000983568754557965
2.35546875,0.000323997697908443
2.357421875,-0.000186070534143141
2.359375,-0.000936072640942187
2.361328125,-0.00113766715024147
2.36328125,0.0015662217914858
2.365234375,-0.000111068717174234
2.3671875,0.00150589007379015
2.369140625,0.000938952195799579
2.37109375,0.000773575060438903
2.373046875,-0.000158469713696094
2.375,0.00101820849309199
2.376953125,0.000284300096103765
2.37890625,9.35281145075423e-05
2.380859375,1.29031883237471e-05
2.3828125,-0.00028204612113104
2.384765625,-0.00103054211331368
2.38671875,0.00110477574620014
2.388671875,-0.00141407826557203
2.390625,-0.00158003605463873
2.392578125,0.000615388209170081
2.39453125,-0.000438353796630129
2.396484375,-0.00235244602504124
2.3984375,0.000180235016916253
2.400390625,-0.000165213078811541
2.40234375,-0.000303470114345848
2.404296875,0.00177412597906737
2.40625,0.000796217541152349
2.408203125,-0.000680641086595907
2.41015625,-0.00134225861775299
2.412109375,0.00218089035343727
2.4140625,-0.00146026923494426
2.416015625,-0.00177922876146884
2.41796875,-0.000342647841126221
2.419921875,-0.000673180077194344
2.421875,-0.00132632369378177
2.423828125,6.50944591271509e-06
2.42578125,-0.000346592401688228
2.427734375,0.00083239284196111
2.4296875,0.000379505180627336
2.431640625,-0.000224745307011085
2.43359375,0.000827379237526703
2.435546875,-0.00142200849555836
2.4375,0.00310827506592771
2.439453125,0.00129552007570952
2.44140625,-0.000674081583110614
2.443359375,0.000547054361211574
2.4453125,-0.0021617965503805
2.447265625,0.000949810267710645
2.44921875,0.000166240832457471
2.451171875,-0.000238276583114685
2.453125,0.000298157990045554
2.455078125,-0.000367267390688271
2.45703125,-0.00111088788518136
2.458984375,0.000364427961226177
2.4609375,-0.00147697036901974
2.462890625,0.000695225321988366
2.46484375,0.000307330341844606
2.466796875,0.00025333769554479
2.46875,-0.000129045261889874
2.470703125,-0.00198053100536409
2.47265625,-0.000861431491699125
2.474609375,0.00161621286274982
2.4765625,-0.000990210701379255
2.478515625,-0.00012585860140527
2.48046875,-0.00129290663838618
2.482421875,-0.000915901927051485
2.484375,-6.62342488169532e-05
2.486328125,-0.000971682201383058
2.48828125,0.000496871510200027
2.490234375,0.00174943225651893
2.4921875,0.00100003093809191
2.494140625,0.000137345267047647
2.49609375,-0.000687200629498284
2.498046875,-0.00170595371788172
2.5,-0.00046325782527216
2.501953125,0.000223877737900574
2.50390625,-0.00106204081526556
2.505859375,0.00118608233327194
2.5078125,0.000694422267781498
2.509765625,-0.000119893639915287
2.51171875,-0.000574111555572044
2.513671875,0.00214864035120156
2.515625,0.00208226201064322
2.517578125,-0.000848512226336813
2.51953125,0.00011461223214219
2.521484375,-0.000145232083271656
2.5234375,0.00153600147627305
2.525390625,-0.000242729688474359
2.52734375,-0.000653506857592896
2.529296875,0.000882264072766282
2.53125,0.0004231222308653
2.533203125,0.000843940551439381
2.53515625,0.000960536155466287
2.537109375,-0.00252879643299509
2.5390625,0.00093867198526931
2.541015625,0.000336380522044857
2.54296875,0.00211085730518115
2.544921875,-0.000116708600646673
2.546875,-0.000172209358098434
2.548828125,0.000455920553287385
2.55078125,0.000620812257935804
2.552734375,-0.000188358448662475
2.5546875,-0.0010827973777391
2.556640625,0.00117051154586103
2.55859375,0.000874066522750079
2.560546875,-0.000507213760199463
2.5625,-0.00114724296741224
2.564453125,4.4980167111736e-05
2.56640625,0.000708789255188018
2.568359375,-0.00074139597170617
2.5703125,0.000377262689970708
2.572265625,4.08572277048729e-05
2.57421875,-0.00120512300525567
2.576171875,-0.000533472854219333
2.578125,-0.000305451689660544
2.580078125,0.000582273594391568
2.58203125,-0.000558501354059555
2.583984375,-0.000767319147411196
2.5859375,-0.000308425357438888
2.587890625,-4.30612729589777e-05
2.58984375,0.000258985897974568
2.591796875,0.00085591353173828
2.59375,-0.000668705923672712
2.595703125,-0.000333876951721724
2.59765625,0.00102625453627621
2.599609375,0.000531436006438395
2.6015625,-6.72152087869207e-05
2.603515625,-0.00141737058128199
2.60546875,0.000272906977406287
2.607421875,0.00153080755479518
2.609375,0.00061646100071093
2.611328125,-9.92541944704597e-05
2.61328125,-0.00127328565843527
2.615234375,0.00121098481490966
2.6171875,-0.000772930686698737
2.619140625,0.000934372851344743
2.62109375,0.000544231676067266
2.623046875,0.000487572688726698
2.625,-0.000994501684847885
2.626953125,-0.00099634570429001
2.62890625,-0.000493130000866384
2.630859375,0.00152262600703082
2.6328125,0.00126137652704201
2.634765625,-0.000737679878568149
2.63671875,-0.000398774270937186
2.638671875,-0.000203219821109986
2.640625,0.000649012940982053
2.642578125,-0.000960136842359123
2.64453125,0.00116150817178896
2.646484375,0.000238518602542719
2.6484375,-0.000681321602289933
2.650390625,-0.00126214762850356
2.65234375,-0.000658537622199515
2.654296875,-0.000622671893115489
2.65625,0.000108337975010898
2.658203125,0.000700481423273152
2.66015625,-0.00214108816086746
2.662109375,-8.85150615881613e-05
2.6640625,-0.000148282492609089
2.666015625,0.00105313614300329
2.66796875,0.000253653888327907
2.669921875,0.000781514985526735
2.671875,-0.00116870098573437
2.673828125,-0.000583612604675259
2.67578125,0.00111413541519248
2.677734375,0.000847162824517281
2.6796875,0.000721367765447403
2.681640625,0.00159154908717335
2.68359375,0.000527850148448339
2.685546875,-0.00134142669031099
2.6875,-0.000133402250457698
2.689453125,-0.000479630260142667
2.69140625,0.0025069147551847
2.693359375,0.000254070844854191
2.6953125,0.000534501574612094
2.697265625,0.000527885609080416
2.69921875,-0.000196633648831915
2.701171875,-0.000915936622221563
2.703125,0.000771415023292643
2.705078125,-0.00027648193826152
2.70703125,-0.00169995144361022
2.708984375,-0.00175998261294675
2.7109375,0.00016486782913515
2.712890625,-0.001087233492462
2.71484375,-0.000627928294650097
2.716796875,-0.000193929822904148
2.71875,0.00182805393545883
2.720703125,-0.000984963812650655
2.72265625,-0.000717776032226065
2.724609375,0.00102106743035283
2.7265625,-0.000710443435471454
2.728515625,0.000795928001849453
2.73046875,0.00108750549321874
2.732421875,0.000305408959470103
2.734375,0.000210356904919889
2.736328125,0.00120780433363252
2.73828125,0.000391955945240355
2.740234375,0.00050681577240941
2.7421875,-0.00117292693302339
2.744140625,-0.00131361217769637
2.74609375,-0.00165254425377344
2.748046875,-0.000122031533293095
2.75,-0.00140274510927187
2.751953125,-0.000836370700266033
2.75390625,0.000507743902456747
2.755859375,0.00182349126008136
2.7578125,0.000170678130627395
2.759765625,-0.000291679108939642
2.76171875,-0.000895501310889957
2.763671875,0.00213907526571402
2.765625,-3.60412872818441e-05
2.767578125,0.00113136161609817
2.76953125,-0.00085888470595885
2.771484375,0.000998930910497152
2.7734375,0.00112412186391399
2.775390625,0.000847364550801168
2.77734375,0.00020730647156241
2.779296875,-0.00286772910815908
2.78125,-0.000223098061809388
2.783203125,-0.00045317448183918
2.78515625,-0.000334452663851124
2.787109375,0.000791915826743936
2.7890625,0.00133299181288226
2.791015625,-0.00071051833698738
2.79296875,0.000810811413996073
2.794921875,-9.27454469833373e-05
2.796875,-0.000216265372123214
2.798828125,-0.00179335275028385
2.80078125,-0.000270045254788959
2.802734375,-0.000922953167095057
2.8046875,-0.000266556516221758
2.806640625,0.00123441699416826
2.80859375,0.00190718336869593
2.810546875,-0.000882642940064594
2.8125,-0.000895979170641711
2.814453125,-0.00165857396000458
2.81640625,-0.00242021633332533
2.818359375,0.000700586790413395
2.8203125,-0.00132027910057359
2.822265625,-0.000110647352458102
2.82421875,0.000442370445677698
2.826171875,0.000933284263292741
2.828125,0.000331168793665297
2.830078125,0.000675781214954743
2.83203125,-0.00153171150761277
2.833984375,-0.00104718203193977
2.8359375,6.63158382390893e-06
2.837890625,-5.08297687683291e-05
2.83984375,0.00109653756786207
2.841796875,0.0010688334963235
2.84375,0.00176238951091847
2.845703125,0.000794236446722452
2.84765625,-0.000672791940427942
2.849609375,0.00105561341583728
2.8515625,0.000638266652590623
2.853515625,-0.00123151642141811
2.85546875,-0.000392612794373121
2.857421875,0.00140326881794324
2.859375,0.00120156388108595
2.861328125,-0.00230781953841977
2.86328125,-1.5841577465547e-05
2.865234375,0.000510981802970372
2.8671875,0.000532673068543022
2.869140625,-0.00172565927048295
2.87109375,-0.00134973297479216
2.873046875,0.00148661766055479
2.875,-0.00100341093238763
2.876953125,0.000572958985009123
2.87890625,0.000456662413412343
2.880859375,0.00157530104091581
2.8828125,-0.000461941722044483
2.884765625,-0.000269185987258875
2.88671875,-0.001082810620253
2.888671875,0.00108677280184869
2.890625,-0.00178725390440931
2.892578125,-0.000554337268887464
2.89453125,0.00108885246233885
2.896484375,0.000217300251921719
2.8984375,7.02995829694593e-05
2.900390625,-5.29935265516009e-05
2.90234375,-0.00186090084047082
2.904296875,0.000879815732322497
2.90625,-0.000484715632729431
2.908203125,0.000630877564310181
2.91015625,0.00241338417318772
2.912109375,-0.000749067305291213
2.9140625,0.000233633284416597
2.916015625,-0.000351740637109764
2.91796875,-0.00146703609935001
2.919921875,0.00137792916469668
2.921875,-0.00109130438571232
2.923828125,0.00115214943109731
2.92578125,0.00026226169342884
2.927734375,0.00112260310946486
2.9296875,-0.000429124616407418
2.931640625,-0.000711101061495621
2.93359375,0.00216288569636316
2.935546875,-0.00151418833293097
2.9375,-0.000246462960715066
2.939453125,0.000732720070705944
2.94140625,0.000818947872342586
2.943359375,-0.000245359647504265
2.9453125,0.000832443166516417
2.947265625,0.00048796857913852
2.94921875,0.00246597585025967
2.951171875,0.0014204550825109
2.953125,0.00147601665852873
2.955078125,0.000422238087353762
2.95703125,-0.000113647900161076
2.958984375,0.000532215339646213
2.9609375,-2.76923417946176e-05
2.962890625,-0.00115433705102164
2.96484375,6.50207512223864e-07
2.966796875,-0.00035372707149356
2.96875,0.000396224467799325
2.970703125,-0.00012665560887312
2.97265625,0.000278031512492239
2.974609375,0.000139316852221775
2.9765625,-0.000423278964157008
2.978515625,0.000449467554297283
2.98046875,0.000438854808154177
2.982421875,0.000356921030628034
2.984375,-0.00165372814220873
2.986328125,-0.000458138250940562
2.98828125,0.000257582848905201
2.990234375,-0.000679711974939134
2.9921875,-0.00252017043227205
2.994140625,0.000519317147386572
2.99609375,-0.000771664302313689
2.998046875,0.000290907143537546
3,0.00067073735145233
3.001953125,0.00177385526966837
3.00390625,-0.000224941470402016
3.005859375,0.00149145733133253
3.0078125,3.26454255418327e-05
3.009765625,0.000852881620009606
3.01171875,-0.000924824851288637
3.013671875,-0.000117613503795381
3.015625,0.00156256379039495
3.017578125,-0.000716797476025791
3.01953125,0.0012182731207547
3.021484375,-0.000191914282995379
3.0234375,0.000961377439763156
3.025390625,-0.00169975730471854
3.02734375,4.08278074735441e-05
3.029296875,0.00031842962700322
3.03125,-4.993861078607e-05
3.033203125,0.00129604547895516
3.03515625,-0.000136439776614265
3.037109375,0.00133718947516286
3.0390625,0.00302420032076121
3.041015625,-0.000149069369009666
3.04296875,0.000646937458104984
3.044921875,-0.000851567667501907
3.046875,0.00019693942599441
3.048828125,0.00076442076145935
3.05078125,-0.00103590577705886
3.052734375,-0.000634939035117358
3.0546875,-0.00105704415353716
3.056640625,-0.000557623661686551
3.05859375,-0.00128727851577072
3.060546875,-0.00065244765210069
3.0625,0.000615628607035332
3.064453125,-4.63279433528226e-05
3.06640625,-0.00211850945888385
3.068359375,-0.00107096905346807
3.0703125,-0.00093079777273241
3.072265625,0.000264582493350794
3.07421875,-0.000868091815286529
3.076171875,-0.0013212734135378
3.078125,-0.00215763157420336
3.080078125,-0.000406723868388769
3.08203125,0.000878515772696436
3.083984375,-2.44366313613974e-05
3.0859375,-0.000196700752453631
3.087890625,-0.000279748619976678
3.08984375,-0.000602181768661281
3.091796875,0.00130475022003959
3.09375,0.000551177577815672
3.095703125,0.000170743623330024
3.09765625,8.18629490155182e-05
3.099609375,-0.000224577577420824
3.1015625,0.000543844825881354
3.103515625,-4.6565700449161e-05
3.10546875,0.000825191125536459
3.107421875,-0.000871897527712241
3.109375,-0.000411395431789045
3.111328125,-0.00045188284552037
3.11328125,-0.00195929206274388
3.115234375,-0.000556294426558168
3.1171875,-0.000406414764367646
3.119140625,0.00089054375570296
3.12109375,0.0013199224641318
3.123046875,-0.000144185901680017
3.125,0.00117660896674421
3.126953125,-0.000193023195608017
3.12890625,-0.000377280168937517
3.130859375,0.00112219608320129
3.1328125,-9.66647239742141e-05
3.134765625,8.18832406337196e-05
3.13671875,-0.00112540356463129
3.138671875,0.00248273667989493
3.140625,0.000633368970637224
3.142578125,-0.00021606871981758
3.14453125,-0.00114919972366829
3.146484375,-0.000640649438540619
3.1484375,2.41818869823549e-06
3.150390625,-0.0022203065079959
3.15234375,0.000130013580742894
3.154296875,0.000718516278569033
3.15625,-0.000612257034779906
3.158203125,-0.000780372438752828
3.16015625,-0.00156138892658179
3.162109375,0.0019602000795214
3.1640625,0.00166283404514807
3.166015625,0.000382901187819913
3.16796875,0.000286971718171088
3.169921875,0.000173396725734929
3.171875,0.000877525598094177
3.173828125,0.000669138735832677
3.17578125,-0.000622197021783389
3.177734375,-0.00067391453426585
3.1796875,5.82667078212789e-05
3.181640625,-0.000300422586161577
3.18359375,0.00111403367839925
3.185546875,-0.00178520716673923
3.1875,0.00161855138541707
3.189453125,0.00117074550305149
3.19140625,0.00112510751411339
3.193359375,0.000739552678269454
3.1953125,0.000278348261998785
3.197265625,7.68274484590684e-05
3.19921875,0.00170425150446618
3.201171875,0.000807906300110327
3.203125,-0.000282200300370419
3.205078125,0.000970180596656924
3.20703125,-0.00198226963850872
3.208984375,-0.00125606645343749
3.2109375,0.00125649634636336
3.212890625,0.00135490430811472
3.21484375,0.00108609150844987
3.216796875,-0.000753899213642525
3.21875,-0.00101315798728165
3.220703125,-0.000808233115495571
3.22265625,-0.000528138951726733
3.224609375,-0.000529326775449872
3.2265625,0.000422653721310714
3.228515625,-0.000497463711789916
3.23046875,-2.12752655957674e-05
3.232421875,0.0013102333327856
3.234375,-0.00146082109884501
3.236328125,-4.57743586357083e-05
3.23828125,-0.000334675143797727
3.240234375,0.000206563071451762
3.2421875,-0.000652769217301274
3.244140625,-0.000219756747693401
3.24609375,-0.000194156761549102
3.248046875,0.000725683954760036
3.25,0.00110686452189974
3.251953125,-0.000374062862519712
3.25390625,0.0011964513938929
3.255859375,0.00142972489171077
3.2578125,-0.000699302590061026
3.259765625,0.00136022561425691
3.26171875,-0.000400293865099839
3.263671875,0.0017208475802059
3.265625,0.000128133339131413
3.267578125,0.000842900128455547
3.26953125,-0.000968371099952687
3.271484375,0.000368475278945534
3.2734375,0.000475024908235772
3.275390625,0.00101393785630746
3.27734375,0.00205361719874304
3.279296875,0.00111242999327914
3.28125,-0.000375576555531429
3.283203125,0.000772482961211758
3.28515625,-0.00131548898684732
3.287109375,-0.00053362783184259
3.2890625,0.00021229488029275
3.291015625,-0.00105214045884626
3.29296875,0.000345861831118617
3.294921875,-0.000377597337828488
3.296875,-0.00171874426083851
3.298828125,-0.00111996271074993
3.30078125,0.00062140931012607
3.302734375,-0.000872929204367587
3.3046875,-0.000654566753522735
3.306640625,0.00186829594156007
3.30859375,0.000311711638654148
3.310546875,0.000252960348175401
3.3125,0.00111326423695384
3.314453125,-0.00096029328075377
3.31640625,0.000901307187575771
3.318359375,-0.000379492081875582
3.3203125,-0.000105175995532133
3.322265625,-0.000748305566164755
3.32421875,0.000421537018199314
3.326171875,0.000993860208973297
3.328125,-0.000218258436237363
3.330078125,-0.00017834442684543
3.33203125,0.000398532530756752
3.333984375,-0.0015347519064438
3.3359375,0.00127876314022655
3.337890625,0.000524060333976893
3.33984375,-0.00157916944452948
3.341796875,0.000212994504595371
3.34375,-0.000402968000770296
3.345703125,-0.000272398916749178
3.34765625,0.000782190285972192
3.349609375,0.00109801176874568
3.3515625,-0.000167886319696642
3.353515625,0.000910786283079863
3.35546875,0.000370291286069055
3.357421875,0.000330052416751286
3.359375,0.00155363969380502
3.361328125,0.000406462979778463
3.36328125,-0.000623969709735714
3.365234375,-0.000558683818285124
3.3671875,0.000623102573933825
3.369140625,0.00018709457271413
3.37109375,-0.00020861175796343
3.373046875,0.000427010481248991
3.375,-0.00073992054234914
3.376953125,-0.00112449434421526
3.37890625,-0.000349387850533447
3.380859375,-8.75948362810775e-05
3.3828125,-0.00332595273874666
3.384765625,0.000990982649477932
3.38671875,-0.000848141806541109
3.388671875,-0.00121369620325353
3.390625,0.000275168947577767
3.392578125,-0.00278961822852903
3.39453125,4.0936183114728e-05
3.396484375,0.00109039455144215
3.3984375,-0.00096387835856665
3.400390625,5.86108266960173e-05
3.40234375,0.000583642377013382
3.404296875,0.000613381295025393
3.40625,-0.00101104289826591
3.408203125,-0.000522113262325754
3.41015625,-0.000537739393191173
3.412109375,-0.000897830233616607
3.4140625,0.000874520488791633
3.416015625,-0.000453775916447474
3.41796875,0.00117241897784573
3.419921875,-0.00164664518854731
3.421875,0.00223666710926771
3.423828125,0.000978048006092367
3.42578125,7.39640774771595e-05
3.427734375,-0.00107073312290946
3.4296875,0.000506843616251314
3.431640625,-0.000178367586517474
3.43359375,-0.00213087775928415
3.435546875,0.000361772091683554
3.4375,-0.000931654171632414
3.439453125,0.00181228078044327
3.44140625,-0.000958479116066057
3.443359375,0.000170677572545263
3.4453125,-0.00124010829671635
3.447265625,-0.000674582911456035
3.44921875,0.000599964620735301
3.451171875,-0.000538900442207778
3.453125,0.000448013657323055
3.455078125,0.000195553921889033
3.45703125,-0.000127523968112585
3.458984375,0.00051980952915259
3.4609375,0.000296600408202931
3.462890625,0.000537530501632325
3.46484375,0.00162187422567377
3.466796875,0.000150641168458857
3.46875,-0.000232847430195647
3.470703125,-0.000439157641635037
3.47265625,-0.000893476258117964
3.474609375,0.00075912933380794
3.4765625,-0.000131273651289709
3.478515625,2.63883161733027e-05
3.48046875,-0.00217495627304436
3.482421875,-0.00154894521537873
3.484375,0.000985467911325467
3.486328125,-0.000540709202140613
3.48828125,-0.000981903812279534
3.490234375,-0.000548099338302239
3.4921875,-0.00135944456833198
3.494140625,0.00137723767744526
3.49609375,8.98702861453671e-06
3.498046875,0.000652850220302282
3.5,-0.000748082528339682
3.501953125,0.00072455721296686
3.50390625,-0.000417174308957171
3.505859375,-0.000303485120258658
3.5078125,0.00183884927742834
3.509765625,-2.4590720693382e-05
3.51171875,-0.00101907029762059
3.513671875,0.00051514537103404
3.515625,9.24747562546201e-05
3.517578125,-7.36326287457283e-05
3.51953125,0.000296091991367852
3.521484375,0.00161612672787712
3.5234375,-0.000407262873739447
3.525390625,0.000522820623357129
3.52734375,-0.000832031219327264
3.529296875,0.0029131153673273
3.53125,0.00119625041829504
3.533203125,0.000194187053758306
3.53515625,0.00036911419325023
3.537109375,0.00198381834614627
3.5390625,0.00109109263236252
3.541015625,-0.000413043597416465
3.54296875,0.00040719144452759
3.544921875,0.00107241403209192
3.546875,0.000209548188343468
3.548828125,0.00057583242285941
3.55078125,0.000294661495837563
3.552734375,-0.00244828157065732
3.5546875,-0.00112684548018261
3.556640625,-0.0011098789636747
3.55859375,0.00103565002144852
3.560546875,-0.000417837561736981
3.5625,-0.000324539143200781
3.564453125,0.000322648499827509
3.56640625,-0.000789394167648362
3.568359375,0.000216769037517043
3.5703125,-0.00204982576737516
3.572265625,-0.00222252639481096
3.57421875,-0.00221222112205821
3.576171875,-0.000411316835796303
3.578125,0.000471166241175095
3.580078125,0.000589610116021142
3.58203125,0.000650058314049042
3.583984375,0.000140646787288949
3.5859375,-0.00241563328542955
3.587890625,-0.000300591565662018
3.58984375,0.000259256630418269
3.591796875,-0.000815456718125221
3.59375,-0.000396817507755198
3.595703125,0.000731932247500258
3.59765625,-0.000606259366988373
3.599609375,0.000363054219218206
3.6015625,-0.000464375934886133
3.603515625,-0.000136009758509824
3.60546875,-0.00195482603256164
3.607421875,0.0021074052113414
3.609375,0.00137334800654499
3.611328125,0.000545951852596693
3.61328125,0.00173134955685014
3.615234375,0.00150994639268263
3.6171875,0.000378986720094626
3.619140625,0.0011666019616795
3.62109375,0.000693434184533698
3.623046875,5.59973307565932e-05
3.625,0.000465785629517453
3.626953125,-0.000206165380409312
3.62890625,-0.000522785916488633
3.630859375,0.000577808951747608
3.6328125,0.0018842393163899
3.634765625,0.000979477030213808
3.63671875,0.00093496215497149
3.638671875,0.000936731797054406
3.640625,0.00130475907056409
3.642578125,0.00155222153049949
3.64453125,-0.000150504734365681
3.646484375,-0.000258490806856556
3.6484375,-0.00116551403615416
3.650390625,0.000181606848609674
3.65234375,0.000538544879013397
3.654296875,0.00120311528286613
3.65625,0.000213220250332759
3.658203125,-0.000884497336316549
3.66015625,5.49741360177583e-05
3.662109375,-0.00240896365562269
3.6640625,3.67892044234537e-05
3.666015625,0.000991374729416891
3.66796875,-0.000605983291342842
3.669921875,0.00140434438021614
3.671875,-0.000394401514212892
3.673828125,-0.000219478636573337
3.67578125,0.00154464681095471
3.677734375,-0.00170423348032906
3.6796875,9.92616924210048e-05
3.681640625,-0.000533024957202089
3.68359375,-0.00175182788813621
3.685546875,-0.000161925649980244
3.6875,-0.00118701875612027
3.689453125,0.000825405195767487
3.69140625,-0.000534204009773849
3.693359375,-0.000670462841350171
3.6953125,-0.0013306122735578
3.697265625,0.00181972130037866
3.69921875,0.000321302898729284
3.701171875,0.000908987497947849
3.703125,3.01842459394548e-05
3.705078125,0.00161487418414342
3.70703125,0.00117265721181289
3.708984375,0.000390024379322715
3.7109375,0.000916615709095351
3.712890625,-0.000733988986750198
3.71484375,0.00262517045503319
3.716796875,0.00158101735379749
3.71875,4.21212875800175e-05
3.720703125,0.000420929421512539
3.72265625,-0.00129298025389223
3.724609375,0.00149292652905305
3.7265625,0.00174395834840988
3.728515625,-0.000157137876400542
3.73046875,-0.0011990992161374
3.732421875,-0.000271152996486658
3.734375,0.000916086393845948
3.736328125,0.000188463316230981
3.73828125,-0.000781724488575715
3.740234375,-0.000168052657494644
3.7421875,-0.000573768275205785
3.744140625,-0.000351508102515652
3.74609375,-0.000882513134064819
3.748046875,0.0014727886812827
3.75,-0.00167719651150635
3.751953125,-6.76185676607294e-05
3.75390625,-0.000628234566564641
3.755859375,0.000150817822496746
3.7578125,-0.000371371938513765
3.759765625,0.000762286622081968
3.76171875,-0.000928057807518685
3.763671875,0.000712998693749347
3.765625,-0.000971266686418688
3.767578125,-0.0016471797860131
3.76953125,-0.000911081236277484
3.771484375,0.00181035485868938
3.7734375,-0.00169063951854819
3.775390625,0.000871419948996544
3.77734375,0.00112892813596522
3.779296875,0.000130858314102893
3.78125,-0.000628074477844556
3.783203125,-0.00165691995872007
3.78515625,0.000156679662315175
3.787109375,-0.000794658815394412
3.7890625,0.000379328855035927
3.791015625,0.000317606167279445
3.79296875,-0.000531435208749266
3.794921875,-0.000315576862315602
3.796875,0.000228489248728411
3.798828125,3.95225678758147e-05
3.80078125,0.00131701840044076
3.802734375,1.34195515822167e-05
3.8046875,-0.000171405704564263
3.806640625,0.000956079407683065
3.80859375,-0.0020057118727794
3.810546875,-0.00131122076885704
3.8125,7.78436696003968e-05
3.814453125,-0.000779801182048726
3.81640625,-0.00042922763203913
3.818359375,0.000852514203340008
3.8203125,0.000184907131239167
3.822265625,0.00147534610937575
3.82421875,0.000323884102807469
3.826171875,0.00196975623208926
3.828125,-0.000627503356858792
3.830078125,-0.00144636226865249
3.83203125,-0.000846907690837349
3.833984375,-0.000752858550978064
3.8359375,-0.000177736604616561
3.837890625,0.00141462488428569
3.83984375,0.000727481494624015
3.841796875,-0.00153096763780901
3.84375,0.000457329991520263
3.845703125,-0.000105142622763849
3.84765625,-0.000723503460922365
3.849609375,-0.000213983330604397
3.8515625,-0.000269256106417658
3.853515625,-0.00123266410932418
3.85546875,4.32434955149145e-05
3.857421875,-0.00120180021320114
3.859375,-0.00149617600943592
3.861328125,-0.000970221287278437
3.86328125,0.000489853932282265
3.865234375,-0.000175558081842228
3.8671875,0.000627266910955377
3.869140625,-0.000284801630401885
3.87109375,-0.00152695376048832
3.873046875,0.000637331505814409
3.875,-0.00220492989676632
3.876953125,0.000515514368437604
3.87890625,0.000830809444622194
3.880859375,9.24386507272484e-05
3.8828125,-0.000114944285060629
3.884765625,0.00170428105600299
3.88671875,0.000612741837908845
3.888671875,0.00114391921439291
3.890625,0.000511305376237667
3.892578125,-0.000906302161872371
3.89453125,0.000222277663841221
3.896484375,0.00179891406885888
3.8984375,0.00240086023809209
3.900390625,0.000954527144098532
3.90234375,0.00065108265419589
3.904296875,0.00216169381906229
3.90625,0.000614479695863082
3.908203125,-0.00173322677207314
3.91015625,0.000317017425364498
3.912109375,0.00130435074295074
3.9140625,-0.000241569841954126
3.916015625,-0.00207092041305457
3.91796875,-0.00039593540827464
3.919921875,0.000979630250022957
3.921875,-0.000462541877681578
3.923828125,0.00199646864944984
3.92578125,-0.00170735775958626
3.927734375,-0.00195599046680751
3.9296875,0.000148380567975218
3.931640625,-0.00085213245516737
3.93359375,-0.00196567385105996
3.935546875,-0.00114887829649552
3.9375,-0.00127016771779511
3.939453125,-0.000535857593508502
3.94140625,0.000721282187223357
3.943359375,-0.000392620128290831
3.9453125,-0.00195935311500027
3.947265625,-0.000692776446416934
3.94921875,0.00109597020511461
3.951171875,-0.000899523709899384
3.953125,-0.00216069360915859
3.955078125,0.00116301344711291
3.95703125,-0.0008168820701485
3.958984375,-0.000607990377154925
3.9609375,9.41092837008061e-05
3.962890625,0.000871010269273915
3.96484375,-0.00025674796700832
3.966796875,-0.00164949465398148
3.96875,0.0020281602820815
3.970703125,0.000114817913105374
3.97265625,0.00012419064077496
3.974609375,-0.000887224763955281
3.9765625,-0.000289498815615628
3.978515625,-0.000464294576187736
3.98046875,-0.000116653643640253
3.982421875,-1.08287410789682e-05
3.984375,-0.000886799009934396
3.986328125,-0.000263512889793781
3.98828125,-0.000702745510146036
3.990234375,0.000232933885375646
3.9921875,0.000728452711737226
3.994140625,-0.000692564846387686
3.99609375,0.00111041755389946
3.998046875,-1.18107739999219e-05
4,-0.000817039834913385
4.001953125,-0.000121282650282156
4.00390625,-0.00190433595566978
4.005859375,-0.00132656248127935
4.0078125,-0.00155481146750402
4.009765625,0.00152764714668235
4.01171875,-0.000648958746344852
4.013671875,-0.000991885279620763
4.015625,4.08391495454557e-06
4.017578125,-0.00145140152872728
4.01953125,-0.000178282799902238
4.021484375,0.00150860929495133
4.0234375,0.000242095202898851
4.025390625,0.000338259250903758
4.02734375,-0.00187711759226844
4.029296875,0.00210831660322589
4.03125,-0.000969274429678625
4.033203125,-0.000661516208336315
4.03515625,0.000291243411785215
4.037109375,-0.000725702998717533
4.0390625,0.00128615032438491
4.041015625,0.00138540259049239
4.04296875,0.000326964490956649
4.044921875,0.00193792420071488
4.046875,0.000738397093871447
4.048828125,0.000595425471812482
4.05078125,0.00156165924324638
4.052734375,-0.000197206676218335
4.0546875,-0.0010983879721586
4.056640625,0.00123563852325291
4.05859375,0.00114165178507644
4.060546875,-0.000790910350240382
4.0625,0.00101366267043909
4.064453125,0.000489042125372056
4.06640625,0.000964895300514706
4.068359375,0.0017523535448254
4.0703125,0.000907466410629083
4.072265625,0.000724423076582398
4.07421875,-0.000888224368816838
4.076171875,-0.00112167849542639
4.078125,0.00070088880315362
4.080078125,0.000478430373082852
4.08203125,0.000869260883898024
4.083984375,-0.000378246495048647
4.0859375,0.00114345109051007
4.087890625,-0.00176506875054778
4.08984375,0.00156194793587357
4.091796875,-0.000681736544004809
4.09375,-0.000612595129176678
4.095703125,0.000337124979797468
4.09765625,0.000820793023442043
4.099609375,0.000701903973840394
4.1015625,-0.000915193652040035
4.103515625,-0.000237763439300952
4.10546875,0.00110988008117169
4.107421875,0.00123084916080668
4.109375,-0.000453888451624337
4.111328125,-0.00221981036403793
4.11328125,-0.000481196424026735
4.115234375,-0.000261127913972596
4.1171875,0.00117194501129925
4.119140625,-0.000986345316340818
4.12109375,0.000427487179777514
4.123046875,-0.000747734716308837
4.125,-0.00116085190153182
4.126953125,0.000904152202441041
4.12890625,0.000526779060226533
4.130859375,-0.00139245900441043
4.1328125,-0.000751902079173664
4.134765625,0.00030530702575549
4.13671875,-0.000209480508043435
4.138671875,0.000191362817797152
4.140625,-0.000361711736412532
4.142578125,-0.000261877708334212
4.14453125,-0.00139323616529376
4.146484375,0.00145932220112313
4.1484375,0.00168915215669968
4.150390625,0.000602954399997584
4.15234375,0.000561093867218917
4.154296875,-0.000761325489160357
4.15625,-0.000160379675139999
4.158203125,0.0021103201209681
4.16015625,-0.000531306261873261
4.162109375,0.00167827310336378
4.1640625,-0.000103970835377624
4.166015625,0.00014019331294887
4.16796875,0.000744625259632213
4.169921875,-0.000462351395798457
4.171875,5.93105019405508e-05
4.173828125,-0.000819343524544688
4.17578125,0.000539476456761726
4.177734375,0.000224156762423016
4.1796875,-0.00157614420734293
4.181640625,0.000588582467671352
4.18359375,0.000242252974852181
4.185546875,-0.000808275607605585
4.1875,0.00126615285108305
4.189453125,0.000208019116870175
4.19140625,-0.000833717666547943
4.193359375,-0.000268881602775935
4.1953125,-0.000195468224595129
4.197265625,-0.000869297817005537
4.19921875,-0.000242206056771945
4.201171875,-0.000979003360188107
4.203125,0.00070622181759526
4.205078125,0.00307155252460253
4.20703125,-0.000562644410720972
4.208984375,-0.00227525006935546
4.2109375,-0.000779045578841778
4.212890625,-0.00269845277374227
4.21484375,-0.000268197658093857
4.216796875,-0.00157763283285732
4.21875,-0.000951705979925508
4.220703125,-0.000798167980209886
4.22265625,0.00161024142308532
4.224609375,-0.000228343563884463
4.2265625,-0.00234289884469797
4.228515625,-0.00156099575114102
4.23046875,0.000618646217400414
4.232421875,0.00024734459289285
4.234375,0.000336818056252427
4.236328125,-0.00202965175887131
4.23828125,-0.000435785717616435
4.240234375,-0.000466739461978686
4.2421875,0.000293467414635667
4.244140625,0.000300082007360117
4.24609375,0.000580610091313871
4.248046875,-0.00093267414739017
4.25,-0.00147224949916913
4.251953125,-0.00077307835484561
4.25390625,0.00069313424899174
4.255859375,0.000523918246457712
4.2578125,0.00156870319410268
4.259765625,6.69434967212872e-05
4.26171875,4.50155777340453e-05
4.263671875,-0.00177891031866959
4.265625,0.0019493564879091
4.267578125,0.00199107027376522
4.26953125,0.00241129276683554
4.271484375,0.00196237760664896
4.2734375,0.000953296877780534
4.275390625,0.00175847969689713
4.27734375,0.00134990504433657
4.279296875,4.11030083981875e-05
4.28125,0.000321965784969724
4.283203125,-0.000557164444300059
4.28515625,0.000616249441729806
4.287109375,0.000575978942818169
4.2890625,0.000394793550220069
4.291015625,0.00229338965445815
4.29296875,0.000411570818827049
4.294921875,-0.000562465159448715
4.296875,-0.000848471331911246
4.298828125,-0.00120717211568257
4.30078125,-0.00121360390876459
4.302734375,-0.00102325216636516
4.3046875,0.00027733529853497
4.306640625,-0.000429724120589761
4.30859375,-0.000445127972162589
4.310546875,0.00103750926617263
4.3125,0.000600682542183167
4.314453125,-0.00176312484161771
4.31640625,-0.00210726063516226
4.318359375,-0.000692862573515696
4.3203125,0.000815128683716183
4.322265625,-0.00013440458263509
4.32421875,-0.000679117403315218
4.326171875,0.000802162861434941
4.328125,-0.000178494667292053
4.330078125,-0.000308277515474889
4.33203125,0.000424089633274256
4.333984375,-0.00100926788409671
4.3359375,-0.000899864901718281
4.337890625,0.00061952591059632
4.33984375,-0.00143865158295523
4.341796875,0.000445829861400636
4.34375,-0.00123968866676108
4.345703125,-0.000360453665869142
4.34765625,-0.000740974792622901
4.349609375,0.0014542489971488
4.3515625,0.00269681594544196
4.353515625,0.00114959540850307
4.35546875,-0.000970576717894923
4.357421875,0.00073851819813251
4.359375,0.00223625769920541
4.361328125,-0.00132544411014437
4.36328125,0.000874222989036435
4.365234375,0.000404917132229691
4.3671875,0.000295230612671298
4.369140625,-0.000412678357961798
4.37109375,0.00103035071090822
4.373046875,0.00127388279571935
4.375,0.000736997321303964
4.376953125,0.000431913715753522
4.37890625,-0.000502521386121265
4.380859375,-0.00115640626048544
4.3828125,-0.000274921713284051
4.384765625,-0.00047955725809016
4.38671875,0.0017167557958166
4.388671875,-0.000102504165918694
4.390625,-0.00186424954456531
4.392578125,0.00050241337907162
4.39453125,0.000508028123680075
4.396484375,0.00141756457692823
4.3984375,-0.0011880444402968
4.400390625,0.00199959906081257
4.40234375,0.000570943095909431
4.404296875,-0.00205340727713524
4.40625,5.90516586671655e-06
4.408203125,0.00116233299490616
4.41015625,-0.000629333415241694
4.412109375,0.00128843898175257
4.4140625,0.00013451698497512
4.416015625,0.000191487518525248
4.41796875,0.000709829560419257
4.419921875,0.000489868971952099
4.421875,0.000138358157988376
4.423828125,-0.000829762535023853
4.42578125,-0.00126633280292887
4.427734375,0.000800823647542937
4.4296875,-0.0018940224438094
4.431640625,-0.000628389604123829
4.43359375,-0.0018228489751641
4.435546875,-0.00168699372385114
4.4375,-0.000824002860506888
4.439453125,3.87615931235381e-05
4.44140625,-0.000165778384941064
4.443359375,-0.000264715929206412
4.4453125,-0.00147207161205491
4.447265625,-0.00215701412720497
4.44921875,-0.00137383098861934
4.451171875,-0.00149595771809568
4.453125,-0.00121519069965843
4.455078125,0.000517223415738465
4.45703125,0.000228901062566433
4.458984375,-7.08227832208214e-05
4.4609375,-0.0001467083771092
4.462890625,-4.63015808868031e-05
4.46484375,0.000897965327314272
4.466796875,0.000642361603360723
4.46875,4.57179880226362e-05
4.470703125,-0.000107290251612858
4.47265625,-0.000147079446020396
4.474609375,0.000289903292056069
4.4765625,-0.000370170042291699
4.478515625,0.000426662237462849
4.48046875,0.000246891121034894
4.482421875,-2.4742849997196e-06
4.484375,5.56298363067211e-05
4.486328125,-0.000135857339910951
4.48828125,0.000333395124969651
4.490234375,0.000387687996233575
4.4921875,-0.00116160388995057
4.494140625,0.000779059559116367
4.49609375,-0.00165066101014174
4.498046875,-0.00085368212863899
4.5,0.00085840389311597
4.501953125,-0.000368453901347934
4.50390625,-0.000445422927242478
4.505859375,-0.00104137536575874
4.5078125,-0.000501731887026133
4.509765625,0.00107213036168797
4.51171875,0.00140503124950869
4.513671875,-0.000587558684638836
4.515625,-0.000302414174001369
4.517578125,-0.000257050567035418
4.51953125,-0.000687258458925274
4.521484375,-0.00225946179734541
4.5234375,0.00203330367158452
4.525390625,-0.000809118190926473
4.52734375,-0.000553233158891384
4.529296875,0.000247887806268198
4.53125,-0.000639409182965375
4.533203125,-0.000389700347799502
4.53515625,-0.000282361460539972
4.537109375,0.000824833310732848
4.5390625,-0.000544659043850098
4.541015625,-0.000318628565119316
4.54296875,-0.000171921937769951
4.544921875,-0.000976617353252323
4.546875,-0.000464299074341396
4.548828125,0.000473173078663335
4.55078125,0.00158575239004732
4.552734375,-0.000725509619581454
4.5546875,0.000383469810528747
4.556640625,0.000519823967086645
4.55859375,0.00155242914002626
4.560546875,-0.000424835691131056
4.5625,0.000204371177115271
4.564453125,-0.000204368838309243
4.56640625,-1.23543495327201e-06
4.568359375,-0.00113218176331572
4.5703125,0.000193909611141255
4.572265625,0.000260257997540143
4.57421875,0.000400811052646359
4.576171875,4.2566348528146e-05
4.578125,-0.00171933073316043
4.580078125,0.000573337092036514
4.58203125,0.00173985223449211
4.583984375,0.000449136018016871
4.5859375,0.000106838495655787
4.587890625,-0.000432718686187264
4.58984375,0.0012792279736663
4.591796875,-0.000546861967714895
4.59375,-0.000384166189120314
4.595703125,0.000766922061096523
4.59765625,0.000638291348785748
4.599609375,-0.000928083733230888
4.6015625,0.000907027066566331
4.603515625,0.00271145338296471
4.60546875,0.000637123662134707
4.607421875,-0.00168435668001452
4.609375,-0.000118298220024663
4.611328125,0.000640617919956581
4.61328125,0.00205860293756425
4.615234375,0.00131770392537624
4.6171875,0.000669247791032907
4.619140625,0.000819669382140864
4.62109375,0.00125339833467212
4.623046875,0.000276819072731461
4.625,0.000624445822604232
4.626953125,0.001036936717596
4.62890625,0.000686665896073715
4.630859375,0.000892334098803591
4.6328125,0.00044193442196793
4.634765625,-7.92315485571424e-06
4.63671875,0.00142017609694799
4.638671875,-6.74745092056531e-05
4.640625,0.00132687188592612
4.642578125,-0.000284940600730576
4.64453125,-0.000377907322096989
4.646484375,-0.00228611592221519
4.6484375,0.000985152983099651
4.650390625,-8.65888225311453e-05
4.65234375,0.00100253624511397
4.654296875,-0.00039949537542839
4.65625,-0.000722024329542615
4.658203125,0.000164784981733814
4.66015625,-0.000171388841788737
4.662109375,0.000163175608120239
4.6640625,0.00395378954951877
4.666015625,-0.000167970229997945
4.66796875,-0.000552091204980006
4.669921875,7.86983754567685e-05
4.671875,0.000758693612680083
4.673828125,-0.000412570729433857
4.67578125,-0.000923406820202301
4.677734375,-0.00024141915520303
4.6796875,-0.000133930676347526
4.681640625,0.000400415965605891
4.68359375,0.000940882332944147
4.685546875,0.000190316697949573
4.6875,-0.000722360851684893
4.689453125,0.000957535732084001
4.69140625,0.000506961569891426
4.693359375,-0.00021949180643245
4.6953125,0.000509913512967781
4.697265625,-0.00127814471178133
4.69921875,-0.00126990171550683
4.701171875,0.00077136620387792
4.703125,0.00132921813330852
4.705078125,-0.000163045350546111
4.70703125,-0.000811475088692186
4.708984375,0.000807173028449718
4.7109375,0.000502160547461392
4.712890625,-0.000483292072355702
4.71484375,0.000980717016845987
4.716796875,0.000580195790264303
4.71875,-0.000716131439971662
4.720703125,-6.00562224402767e-05
4.72265625,-0.000572671846505222
4.724609375,0.000643292630957655
4.7265625,0.00104095964311312
4.728515625,0.000417696336706788
4.73046875,-0.000474766783700235
4.732421875,0.000591834152348326
4.734375,0.000711147147877524
4.736328125,-0.000375479222124885
4.73828125,0.000904010493872862
4.740234375,-0.000589516020116362
4.7421875,-6.37776302687678e-05
4.744140625,-0.000195275093189447
4.74609375,0.000920164666708833
4.748046875,-0.00172980778366916
4.75,1.83725092877872e-05
4.751953125,0.000205180949357025
4.75390625,0.000332071996472507
4.755859375,0.000236119905060988
4.7578125,-0.000923952197685573
4.759765625,-0.00108924643023733
4.76171875,-0.00126574841141693
4.763671875,-8.19497082507656e-05
4.765625,-0.00106819717922763
4.767578125,-0.00053717416137945
4.76953125,0.00120738192756691
4.771484375,-0.00185454650432619
4.7734375,-1.21911801172479e-05
4.775390625,-0.000245617115526391
4.77734375,0.000383162601385057
4.779296875,-0.000494712301749821
4.78125,0.00071941655748966
4.783203125,-0.000511009144542233
4.78515625,0.000602955595919128
4.787109375,-0.00109327092547822
4.7890625,-8.36912160602162e-05
4.791015625,-0.00136218226496366
4.79296875,0.000275084807173514
4.794921875,-0.000795973622496432
4.796875,0.00179049989200307
4.798828125,-0.000331613967081851
4.80078125,0.000287974942159762
4.802734375,-0.000636912450664958
4.8046875,0.00116923684108334
4.806640625,-0.000998674862115325
4.80859375,0.00164702405959163
4.810546875,-0.000690516464821748
4.8125,-0.00104931990565095
4.814453125,-0.000482678825625133
4.81640625,-0.00109553833053981
4.818359375,-0.00154471288090658
4.8203125,-0.000984166813425434
4.822265625,0.000510857741376616
4.82421875,6.90538922199136e-05
4.826171875,3.97717274210966e-05
4.828125,-0.000527508073273329
4.830078125,0.000993652597298706
4.83203125,7.53002855008568e-05
4.833984375,0.00121532239892135
4.8359375,0.000498453656782168
4.837890625,-0.00112202889808797
4.83984375,-0.000613827001328866
4.841796875,-0.00133007639126901
4.84375,0.00109818551190197
4.845703125,-0.000223905637764799
4.84765625,-0.000691482950894049
4.849609375,-0.000421923611457926
4.8515625,0.000842154542745595
4.853515625,-0.000465732695594665
4.85546875,0.000681506780068356
4.857421875,0.000238573840036082
4.859375,0.000367462858951526
4.861328125,0.000932047322633273
4.86328125,-0.000975959234411413
4.865234375,-0.000113090686442214
4.8671875,0.00129071847639835
4.869140625,0.000275884702100238
4.87109375,0.000601109078784507
4.873046875,0.000339860306781936
4.875,-0.000509105097198171
4.876953125,0.000158785533677343
4.87890625,-0.000344873247673108
4.880859375,-0.000774973215789305
4.8828125,0.000557953987070391
4.884765625,-0.00172435923995932
4.88671875,0.000269817975527276
4.888671875,0.000662718931801862
4.890625,0.000452528883989695
4.892578125,0.000171348902215724
4.89453125,-0.00108321282428098
4.896484375,-0.00109187390709745
4.8984375,-0.00130923998754484
4.900390625,-0.00117979569315314
4.90234375,8.0831051527972e-05
4.904296875,-0.000605109911130255
4.90625,-0.00108812191232158
4.908203125,-0.000284183580709479
4.91015625,-8.71165090801677e-05
4.912109375,-0.000317043641572421
4.9140625,-0.000959477016052329
4.916015625,-0.00148455410615531
4.91796875,-0.000539737344236449
4.919921875,-0.000175518521487238
4.921875,0.000578053725178117
4.923828125,-0.00018898954147492
4.92578125,0.000496939840602422
4.927734375,-0.000323501618643655
4.9296875,0.00166335503844517
4.931640625,0.000438531865008403
4.93359375,6.57316627350311e-06
4.935546875,-0.00158422576997875
4.9375,0.00184099847474441
4.939453125,0.000937644537365634
4.94140625,0.00147880391191002
4.943359375,0.000256033938583293
4.9453125,0.000537855069877168
4.947265625,0.000267279891099813
4.94921875,-0.000502297137568807
4.951171875,0.000456503897052163
4.953125,-0.000319502579726268
4.955078125,0.000635486935698586
4.95703125,-0.00272721593822039
4.958984375,-0.000469714398730154
4.9609375,-0.00152452356182885
4.962890625,-0.00136269066955398
4.96484375,-0.000462573342714046
4.966796875,0.000299597922580262
4.96875,-0.000427434062185401
4.970703125,-0.00145871984654764
4.97265625,0.00113389745065468
4.974609375,-0.00113117861350698
4.9765625,-0.00116690826319917
4.978515625,-4.50763478946785e-06
4.98046875,0.00195404050885852
4.982421875,0.000458437395954704
4.984375,0.000826622617613637
4.986328125,6.88871359610727e-05
4.98828125,-0.000418771353545061
4.990234375,-3.44605066108483e-05
4.9921875,-0.000439497383067193
4.994140625,-0.000825494603919009
4.99609375,-0.000254401948821776
4.998046875,0.000875938708451868
5,-0.000482809947602396
