0,7.28663154813029e-06
0.001953125,0.000124469799744454
0.00390625,0.000293445450753447
0.005859375,0.000451696869061717
0.0078125,0.000577870965864112
0.009765625,0.000644913896379077
0.01171875,0.000709121476552201
0.013671875,0.000749113893157969
0.015625,0.00066284124879708
0.017578125,0.000666325672891933
0.01953125,0.000619820667439709
0.021484375,0.00047769023908205
0.0234375,0.000365865536076268
0.025390625,0.000250845451988129
0.02734375,7.40714077283792e-05
0.029296875,-4.49711479454681e-05
0.03125,-0.000141613606243815
0.033203125,-0.000268061081800067
0.03515625,-0.000425122601861797
0.037109375,-0.000483892979991441
0.0390625,-0.00053038631657453
0.041015625,-0.000564624028776642
0.04296875,-0.000580769880780652
0.044921875,-0.00057482770527087
0.046875,-0.000498224853496345
0.048828125,-0.000407418860522368
0.05078125,-0.000351283526763327
0.052734375,-0.00026880084249954
0.0546875,-9.95164765419277e-05
0.056640625,-6.17072907835473e-06
0.05859375,9.66244570895251e-05
0.060546875,0.000124439124855043
0.0625,0.000188192628712451
0.064453125,0.000294642149157257
0.06640625,0.000325772983121932
0.068359375,0.000344857601975024
0.0703125,0.00034942673262418
0.072265625,0.000331742163053933
0.07421875,0.000304265971909372
0.076171875,0.000266681468794229
0.078125,0.000199572005148849
0.080078125,0.000154082123186974
0.08203125,8.48304710270503e-05
0.083984375,3.17761310011281e-05
0.0859375,2.60108254536748e-05
0.087890625,-5.25482040214134e-05
0.08984375,-5.19191911207685e-05
0.091796875,-0.000108383564854894
0.09375,-9.62510523389506e-05
0.095703125,-0.000101857552682951
0.09765625,-7.03906870343718e-05
0.099609375,-0.000108106413754872
0.1015625,-6.90002266130731e-05
0.103515625,-1.54716990461223e-05
0.10546875,-2.2554485205093e-05
0.107421875,-3.01003013134151e-05
0.109375,4.51890897436982e-07
0.111328125,-1.49124353971602e-05
0.11328125,-2.00211715301763e-05
0.115234375,1.65986114973223e-05
0.1171875,-4.50916350354337e-05
0.119140625,-4.46314588165441e-05
0.12109375,-6.7210239032639e-05
0.123046875,-8.40266189483026e-05
0.125,-9.12585412907464e-05
0.126953125,-0.000152515816165092
0.12890625,-7.99902220861952e-05
0.130859375,-0.0001258417709183
0.1328125,-0.000103779318553806
0.134765625,-7.3846498772136e-05
0.13671875,-6.77956311816822e-05
0.138671875,-4.51762085255637e-05
0.140625,-2.06769385657294e-05
0.142578125,-1.25648374518032e-05
0.14453125,7.88350976511907e-05
0.146484375,8.31472049859467e-05
0.1484375,0.000115220794836345
0.150390625,0.000145604613523795
0.15234375,0.000157703883373837
0.154296875,0.000167416183258732
0.15625,0.000174944366287864
0.158203125,0.000197124944483165
0.16015625,0.000138916274706992
0.162109375,0.000129071466088902
0.1640625,0.000110789352469041
0.166015625,5.73052406799526e-05
0.16796875,5.56123849141347e-05
0.169921875,4.4087434581536e-06
0.171875,-1.00558769497057e-05
0.173828125,-4.68029520836917e-05
0.17578125,-7.94783333471154e-05
0.177734375,-0.00011381054398813
0.1796875,-0.00010641992043056
0.181640625,-9.51996063089462e-05
0.18359375,-0.000113231385250905
0.185546875,-0.000124105148895428
0.1875,-0.000110494809436507
0.189453125,-8.49513573388776e-05
0.19140625,-0.000124365849283217
0.193359375,-4.80103971151482e-05
0.1953125,-2.23009265341486e-05
0.197265625,-5.53829659090096e-05
0.19921875,-1.35946314869338e-05
0.201171875,1.68227594112786e-05
0.203125,5.41741549243149e-05
0.205078125,2.74785693700122e-05
0.20703125,-4.90780611172316e-06
0.208984375,3.19183873390748e-05
0.2109375,3.38757722189139e-05
0.212890625,1.48192055787128e-05
0.21484375,6.55381895637703e-05
0.216796875,4.91481264830233e-05
0.21875,1.62020139904492e-05
0.220703125,-2.57367318857459e-05
0.22265625,-2.8497465209631e-05
0.224609375,-2.83051098626728e-05
0.2265625,-4.20011166894302e-05
0.228515625,9.96409021982629e-06
0.23046875,-1.35751910724432e-05
0.232421875,-1.16085089525612e-05
0.234375,3.24562200994862e-05
0.236328125,8.05094769192692e-06
0.23828125,7.5875994789776e-05
0.240234375,7.23093056761182e-05
0.2421875,8.10447835841156e-05
0.244140625,7.02500908119286e-05
0.24609375,5.11159629928818e-05
0.248046875,5.25218663464134e-05
0.25,3.88333991754572e-05
0.251953125,7.18788920788795e-05
0.25390625,6.88986669175599e-06
0.255859375,3.59993874306566e-05
0.2578125,-1.3098641423585e-05
0.259765625,-3.66570471034564e-05
0.26171875,-1.77559180861271e-05
0.263671875,-0.000120812800014237
0.265625,-8.57627912833777e-05
0.267578125,-7.6151568850295e-05
0.26953125,-7.38734643924059e-05
0.271484375,-9.34550492609722e-05
0.2734375,-9.42649219621749e-05
0.275390625,-5.94186792125116e-05
0.27734375,-8.26754599998537e-05
0.279296875,-6.15404118404895e-05
0.28125,-3.42516679050005e-05
0.283203125,-1.02392918017251e-05
0.28515625,1.04981281287066e-05
0.287109375,4.56032305835633e-05
0.2890625,2.84321720601787e-05
0.291015625,-3.51766745713902e-06
0.29296875,4.42789405769454e-05
0.294921875,1.18568877497739e-05
0.296875,6.97682752382378e-05
0.298828125,4.97372545730412e-05
0.30078125,5.04359179617466e-05
0.302734375,4.69120362872964e-05
0.3046875,6.26406031807776e-05
0.306640625,2.6381701636948e-05
0.30859375,6.64382590251838e-05
0.310546875,-9.63692253552374e-06
0.3125,-2.03225563298076e-05
0.314453125,7.14814653281693e-06
0.31640625,-1.24806796248951e-05
0.318359375,-2.67686529029939e-05
0.3203125,-3.02385437748176e-05
0.322265625,-9.00620779432169e-06
0.32421875,2.33570887280802e-06
0.326171875,3.12360699500993e-05
0.328125,-4.88129423127261e-05
0.330078125,-1.87971419291395e-05
0.33203125,3.83722582268234e-05
0.333984375,3.76120424385004e-06
0.3359375,9.44957813644392e-06
0.337890625,1.5414161306658e-05
0.33984375,-8.62177615097172e-06
0.341796875,-1.04356903683868e-06
0.34375,1.53176518373558e-05
0.345703125,-2.17943918724106e-05
0.34765625,-8.63751248064926e-06
0.349609375,-2.03294454698626e-05
0.3515625,-5.17766427621301e-05
0.353515625,-0.000114745385481048
0.35546875,-4.14750574684391e-05
0.357421875,-6.61683225419622e-05
0.359375,-5.00749588717064e-05
0.361328125,-5.9543672489778e-05
0.36328125,-3.35332676114023e-05
0.365234375,-5.60606281549397e-05
0.3671875,-3.4730337186429e-06
0.369140625,-1.25179462161397e-05
0.37109375,-3.05009856325602e-05
0.373046875,2.61749849776677e-05
0.375,3.46619332986134e-05
0.376953125,7.84375522399169e-05
0.37890625,4.13859444450235e-05
0.380859375,9.29458875638777e-05
0.3828125,6.99636414488446e-05
0.384765625,8.5859365058291e-05
0.38671875,5.34503778892063e-05
0.388671875,9.95006651516218e-05
0.390625,7.74228671011438e-05
0.392578125,5.66704374713953e-05
0.39453125,2.52592429877485e-05
0.396484375,-1.26373109690228e-05
0.3984375,-1.35999490981258e-07
0.400390625,-1.61242120221294e-05
0.40234375,-6.23444413811465e-05
0.404296875,-2.93613604889663e-05
0.40625,-5.30013089831941e-05
0.408203125,-5.67967441666118e-05
0.41015625,-5.20907674267505e-05
0.412109375,-3.27630566379024e-05
0.4140625,-2.90457017326455e-05
0.416015625,-5.23202761072226e-05
0.41796875,-2.08691856587634e-05
0.419921875,-5.11134202782742e-05
0.421875,-4.73284007248587e-05
0.423828125,-2.77989533243264e-05
0.42578125,-4.9425938507331e-06
0.427734375,8.53623053721953e-06
0.4296875,-7.12190961917576e-06
0.431640625,-2.97911811175103e-05
0.43359375,-7.95403176940252e-06
0.435546875,-3.25353746425898e-06
0.4375,-1.31717659105057e-05
0.439453125,4.25909613194248e-05
0.44140625,-3.21825878070064e-05
0.443359375,-3.09027564125188e-05
0.4453125,1.24830033675837e-05
0.447265625,-3.68352631023131e-06
0.44921875,1.83530200155389e-05
0.451171875,-3.89172580782602e-05
0.453125,-5.37407108829059e-06
0.455078125,-9.08705609964406e-06
0.45703125,-3.32973024131736e-05
0.458984375,-9.86851335313267e-06
0.4609375,1.91187520935757e-05
0.462890625,8.68215486375275e-07
0.46484375,1.01317979604298e-05
0.466796875,7.98722146207653e-06
0.46875,4.81870304420832e-05
0.470703125,2.50380079875233e-05
0.47265625,4.14011391928879e-05
0.474609375,3.09784832071265e-05
0.4765625,3.32017490929965e-05
0.478515625,3.31945694132145e-05
0.48046875,4.80050869749594e-05
0.482421875,1.34364419673277e-05
0.484375,1.05825594365522e-05
0.486328125,9.18962652669505e-06
0.48828125,-1.99543431359126e-05
0.490234375,-6.05969252408584e-06
0.4921875,-4.75680998116387e-05
0.494140625,-1.97405444519154e-05
0.49609375,-3.74908859852229e-05
0.498046875,-5.28699242796832e-05
0.5,-3.91759161950735e-05
0.501953125,-5.15819955545526e-05
0.50390625,-3.48289655812458e-05
0.505859375,-3.83849216970721e-05
0.5078125,-3.20958248163643e-06
0.509765625,-2.6217553975677e-05
0.51171875,-2.26921983998954e-05
0.513671875,-7.68119466983287e-06
0.515625,1.37586922392524e-05
0.517578125,2.05742369507604e-05
0.51953125,-9.3433040608306e-06
0.521484375,3.16830831935161e-05
0.5234375,-7.7529873089271e-06
0.525390625,1.4900999078707e-05
0.52734375,4.07200100620721e-05
0.529296875,-2.90359588800628e-05
0.53125,-6.12885587785199e-06
0.533203125,1.64613425740089e-05
0.53515625,2.8630302583149e-05
0.537109375,1.25732469553826e-06
0.5390625,-3.67402825386738e-05
0.541015625,1.12814303920538e-05
0.54296875,2.43439459130929e-05
0.544921875,4.12024120212701e-05
0.546875,-8.89370731626268e-07
0.548828125,-1.64907387728487e-06
0.55078125,1.93885223405335e-05
0.552734375,-8.6413350448955e-07
0.5546875,1.80670904414949e-05
0.556640625,5.50510476050836e-05
0.55859375,3.89252223864719e-05
0.560546875,5.28880689500776e-05
0.5625,-2.01062308211972e-05
0.564453125,5.734068216475e-05
0.56640625,-4.50609320874813e-07
0.568359375,-8.5732636750769e-06
0.5703125,3.56043197367451e-05
0.572265625,-1.73847087373634e-05
0.57421875,1.77199509411672e-05
0.576171875,-7.22956525643509e-05
0.578125,-3.24943353335949e-05
0.580078125,-4.79657195489868e-05
0.58203125,-6.79795058639876e-05
0.583984375,-3.03097384138136e-05
0.5859375,-5.60700837304519e-05
0.587890625,-6.68166653140923e-05
0.58984375,-7.13992577265114e-05
0.591796875,-4.24968765795041e-05
0.59375,-3.53155795815875e-05
0.595703125,-4.90704437265742e-05
0.59765625,-1.37163768201725e-05
0.599609375,3.11057114924365e-05
0.6015625,4.45940747945043e-06
0.603515625,1.09312143785625e-05
0.60546875,3.21592570663411e-05
0.607421875,7.40277927980516e-06
0.609375,5.30008331395783e-05
0.611328125,6.9005769635453e-05
0.61328125,4.33140688785075e-05
0.615234375,7.87939378027073e-05
0.6171875,6.76746356290163e-05
0.619140625,4.06565707394445e-05
0.62109375,3.02488623855815e-05
0.623046875,9.15382746679853e-06
0.625,3.25687329791215e-05
0.626953125,4.32866554061122e-05
0.62890625,2.1947312482751e-06
0.630859375,1.99349922412672e-05
0.6328125,-2.31330535882634e-05
0.634765625,-2.6392457799372e-05
0.63671875,-3.69900340312625e-05
0.638671875,-3.55698807967388e-05
0.640625,-1.78826669184583e-05
0.642578125,-4.60213967839066e-05
0.64453125,-3.46694835778534e-05
0.646484375,-5.20641389227781e-05
0.6484375,-7.62664333958162e-06
0.650390625,-2.84730166897991e-05
0.65234375,-2.96492562783411e-05
0.654296875,4.84316503238441e-06
0.65625,1.77038406804415e-05
0.658203125,-1.73455510661634e-05
0.66015625,9.0915574195882e-06
0.662109375,-4.42200123482378e-05
0.6640625,1.47099042823198e-05
0.666015625,7.29869559829138e-06
0.66796875,3.33502924639411e-06
0.669921875,1.15844412551516e-05
0.671875,-9.66302336452277e-06
0.673828125,2.33510052190058e-05
0.67578125,2.59107116229957e-05
0.677734375,-2.3688996568896e-05
0.6796875,-6.95947354752236e-05
0.681640625,-2.22307030325951e-05
0.68359375,-2.59462065868813e-06
0.685546875,-2.07694021212117e-05
0.6875,1.0163598019436e-05
0.689453125,3.94272688499588e-05
0.69140625,1.44676964485255e-05
0.693359375,8.04096874038123e-06
0.6953125,2.77080340811668e-05
0.697265625,8.30650321522754e-05
0.69921875,1.52468176004789e-05
0.701171875,4.74911658504095e-05
0.703125,4.50752614038798e-05
0.705078125,2.17661350796684e-05
0.70703125,3.49211686492615e-05
0.708984375,-1.14680326926651e-05
0.7109375,8.61031914843609e-06
0.712890625,7.65178779093298e-06
0.71484375,-4.64818298367141e-06
0.716796875,3.27715485075863e-06
0.71875,-3.56776323300041e-05
0.720703125,-8.12803371136647e-05
0.72265625,-1.66925519455003e-05
0.724609375,-5.32718093604461e-05
0.7265625,-3.1859496992769e-05
0.728515625,-4.54923179539442e-05
0.73046875,-4.62696158382512e-05
0.732421875,-3.51440447258922e-05
0.734375,-1.73988501643298e-05
0.736328125,-4.92435614515309e-05
0.73828125,-2.38815576983613e-05
0.740234375,4.46583106501452e-05
0.7421875,-9.31456214690443e-06
0.744140625,3.19652848958664e-05
0.74609375,7.96925129922099e-06
0.748046875,-7.4157693558184e-06
0.75,4.76048841722698e-05
0.751953125,1.63363653513616e-05
0.75390625,2.20056249754451e-05
0.755859375,1.32886595542721e-05
0.7578125,4.91725643028998e-06
0.759765625,-2.77385097147812e-05
0.76171875,3.04262728217353e-05
0.763671875,-1.34831350720496e-05
0.765625,2.8715474530647e-05
0.767578125,-2.55232361409545e-05
0.76953125,4.91471315243721e-06
0.771484375,1.28479692942525e-06
0.7734375,-2.79777454256225e-05
0.775390625,-7.25960055012941e-06
0.77734375,-1.54336514758069e-05
0.779296875,3.35849896205589e-05
0.78125,3.35605222180442e-06
0.783203125,-2.29962892861291e-05
0.78515625,4.79347885627811e-06
0.787109375,9.34853525850105e-06
0.7890625,3.90317904372056e-05
0.791015625,5.46263297151212e-05
0.79296875,-1.46710601382061e-06
0.794921875,-7.28433667966521e-07
0.796875,3.15290663131141e-06
0.798828125,4.31325623104033e-06
0.80078125,-1.81862268414093e-06
0.802734375,1.7019291543851e-05
0.8046875,-2.53431206433812e-05
0.806640625,-2.80695629940337e-05
0.80859375,-3.89800702798675e-05
0.810546875,-1.08992591176716e-05
0.8125,-3.66766229355179e-05
0.814453125,-3.42754924064946e-05
0.81640625,-7.2923346472673e-05
0.818359375,-2.19034268139977e-05
0.8203125,-2.58768880735537e-05
0.822265625,-1.41955590448304e-05
0.82421875,-3.49096856101914e-05
0.826171875,6.44779596435728e-07
0.828125,1.8129113916328e-06
0.830078125,9.41530670265583e-06
0.83203125,1.32697465179096e-05
0.833984375,4.32218917382683e-05
0.8359375,7.97169418267064e-05
0.837890625,5.64522721850852e-05
0.83984375,4.40520951108095e-05
0.841796875,4.2040270965774e-05
0.84375,5.42653885736575e-05
0.845703125,-3.20480315092871e-05
0.84765625,4.01116740085897e-05
0.849609375,2.58980522512987e-05
0.8515625,4.26819073402666e-05
0.853515625,-5.88221712009552e-06
0.85546875,-2.48190131551843e-05
0.857421875,-4.83992590058178e-05
0.859375,-1.60955467180784e-05
0.861328125,-2.45423127286936e-05
0.86328125,-2.16785738427674e-05
0.865234375,-7.20888607891404e-05
0.8671875,-3.35953534898492e-05
0.869140625,-9.64708628470535e-06
0.87109375,-5.27072533342039e-05
0.873046875,-3.92780405237982e-06
0.875,2.10629057862094e-06
0.876953125,-1.44966856581007e-06
0.87890625,9.33847230177041e-06
0.880859375,1.9096173670425e-06
0.8828125,2.39247822009998e-05
0.884765625,2.4065395415127e-05
0.88671875,4.19961042143897e-05
0.888671875,5.58069042086765e-05
0.890625,1.67455520011666e-05
0.892578125,2.27660884849292e-05
0.89453125,-1.81323349309827e-05
0.896484375,2.38397887956255e-05
0.8984375,1.88971459288959e-05
0.900390625,1.38408590807926e-05
0.90234375,6.00456077237779e-06
0.904296875,-2.06087246799114e-06
0.90625,-8.72286765107851e-06
0.908203125,-5.21908870633833e-05
0.91015625,-8.92945706018015e-06
0.912109375,-3.71888004605874e-05
0.9140625,-3.19258910688128e-05
0.916015625,1.80215747123579e-05
0.91796875,1.66043031087178e-05
0.919921875,-5.19035703867327e-06
0.921875,-9.62863394228387e-06
0.923828125,9.49002111255475e-06
0.92578125,6.84269845279389e-06
0.927734375,-2.98038643068524e-05
0.9296875,3.05285383508593e-05
0.931640625,4.14336155614762e-05
0.93359375,7.36023901597534e-06
0.935546875,7.17422155167016e-06
0.9375,4.26149116886633e-06
0.939453125,8.19571612034239e-06
0.94140625,4.94087457844723e-05
0.943359375,2.52091657007098e-06
0.9453125,1.50360323914737e-05
0.947265625,-8.48368485380944e-06
0.94921875,-1.46911490249617e-05
0.951171875,9.36864537868558e-06
0.953125,-1.17166198068788e-05
0.955078125,3.80267468097302e-05
0.95703125,6.36498102139346e-06
0.958984375,-1.34718356749744e-05
0.9609375,5.58758157624199e-06
0.962890625,-1.21900987107361e-07
0.96484375,-9.20839464013163e-06
0.966796875,-9.56014571694479e-06
0.96875,3.23579664402306e-05
0.970703125,6.87741146227809e-06
0.97265625,-2.22564262472726e-05
0.974609375,3.95314524603371e-06
0.9765625,6.34403724138913e-06
0.978515625,1.65455820641314e-05
0.98046875,7.38196109812548e-06
0.982421875,-4.7251306680977e-06
0.984375,-5.29550756730746e-05
0.986328125,-3.11526207414318e-05
0.98828125,-1.12570627778684e-05
0.990234375,-1.36823681341306e-05
0.9921875,6.18703670301255e-06
0.994140625,-1.82004560196658e-05
0.99609375,-4.40476153334376e-06
0.998046875,-9.9153448561406e-06
1,2.64143942111959e-05
1.001953125,-1.62704227008121e-05
1.00390625,9.25122510802414e-06
1.005859375,1.54926519723744e-05
1.0078125,4.43750844846149e-05
1.009765625,4.33821727903938e-05
1.01171875,3.08380260754632e-06
1.013671875,1.84029982690572e-05
1.015625,3.58034566657073e-05
1.017578125,1.69765813790336e-05
1.01953125,7.27213795539951e-06
1.021484375,6.44896432957214e-05
1.0234375,5.47404465406461e-05
1.025390625,1.03883069663322e-05
1.02734375,2.47374078794937e-05
1.029296875,4.00763446549986e-07
1.03125,6.58750526144502e-06
1.033203125,-5.87242463197751e-06
1.03515625,-2.21722051395164e-05
1.037109375,-3.02785091973705e-05
1.0390625,-7.10795365937607e-05
1.041015625,-2.06919411279283e-05
1.04296875,-8.64655669760175e-05
1.044921875,-2.09744104258909e-05
1.046875,-5.11573931965118e-05
1.048828125,-2.97794580904812e-05
1.05078125,-3.66479884878208e-05
1.052734375,-8.55585152256728e-06
1.0546875,5.73657870178593e-06
1.056640625,-7.36680276254977e-05
1.05859375,-3.99323217143181e-05
1.060546875,1.61276556553758e-05
1.0625,2.45216934867558e-05
1.064453125,1.52038751921266e-05
1.06640625,1.13613792490147e-05
1.068359375,7.14138956969241e-05
1.0703125,6.2844486939798e-05
1.072265625,3.76230605576826e-05
1.07421875,2.33341343105914e-05
1.076171875,4.60613366284895e-05
1.078125,2.83533258468594e-05
1.080078125,2.20643023768472e-05
1.08203125,2.07618624538674e-05
1.083984375,-2.40306516935541e-05
1.0859375,3.89473602607214e-05
1.087890625,-3.5536205442843e-05
1.08984375,-1.04416719056294e-05
1.091796875,-3.53058690695131e-06
1.09375,-3.17654244572342e-06
1.095703125,-1.45038281640304e-05
1.09765625,-4.10948113981315e-05
1.099609375,-7.6722733183645e-06
1.1015625,1.8435485825118e-06
1.103515625,9.52684371099286e-06
1.10546875,-8.73605970846555e-06
1.107421875,-1.24515755166877e-05
1.109375,2.64842754597458e-05
1.111328125,2.11028692284035e-05
1.11328125,5.31701623063397e-06
1.115234375,1.03540306899431e-05
1.1171875,1.07292598882034e-05
1.119140625,-4.11908325105708e-06
1.12109375,1.32583211839824e-05
1.123046875,1.17347459859725e-05
1.125,1.4311749400691e-05
1.126953125,-6.61304775353934e-06
1.12890625,-5.04709756096348e-05
1.130859375,1.37945344236409e-05
1.1328125,-1.55873425917727e-05
1.134765625,-4.00988479488177e-06
1.13671875,1.35750188129614e-06
1.138671875,1.12883937448021e-06
1.140625,-3.5935123007308e-05
1.142578125,-3.73551542273601e-05
1.14453125,-1.80281701320636e-05
1.146484375,-1.58254531495731e-05
1.1484375,-2.12726069909887e-05
1.150390625,1.60025433235532e-06
1.15234375,-3.4264610839647e-05
1.154296875,1.02098465625302e-05
1.15625,-5.72176050950008e-06
1.158203125,-3.11527929438872e-06
1.16015625,4.77722895140636e-06
1.162109375,2.75109118053906e-05
1.1640625,3.01351153147892e-05
1.166015625,2.94605557075707e-05
1.16796875,1.79985460185865e-05
1.169921875,6.9189577338585e-06
1.171875,2.23960980438664e-06
1.173828125,2.20032229957439e-05
1.17578125,-1.0694082783382e-05
1.177734375,2.90930574390524e-05
1.1796875,-1.19209534425334e-05
1.181640625,-3.20574248838462e-06
1.18359375,-2.0397438515461e-06
1.185546875,-1.68609010152133e-05
1.1875,-5.90039108360265e-06
1.189453125,-1.62934480692145e-05
1.19140625,-7.99759535232848e-06
1.193359375,-2.32564739085184e-05
1.1953125,9.19360509232319e-06
1.197265625,-3.38050743251254e-05
1.19921875,-3.67314391785963e-05
1.201171875,-1.70106721555056e-05
1.203125,1.27570725215043e-05
1.205078125,1.67547742742861e-06
1.20703125,-1.74559822735271e-05
1.208984375,4.31346250631256e-06
1.2109375,-4.87871268174539e-05
1.212890625,-1.73279507199738e-05
1.21484375,-5.11142459390879e-06
1.216796875,-2.89587432731535e-06
1.21875,-2.78865428714218e-05
1.220703125,-1.83022983696485e-05
1.22265625,3.71095410581927e-05
1.224609375,1.50444138704174e-05
1.2265625,-2.09285789310011e-06
1.228515625,-4.07331336396259e-06
1.23046875,2.73114974547941e-05
1.232421875,8.66323313244742e-07
1.234375,-1.53983893777503e-05
1.236328125,1.38531768073002e-05
1.23828125,-1.14766163863336e-05
1.240234375,-7.01616768972189e-06
1.2421875,4.06787116078201e-05
1.244140625,6.24952295421047e-06
1.24609375,3.04877342185517e-05
1.248046875,5.55951546892049e-05
1.25,1.30100371599401e-05
1.251953125,1.88476787289827e-05
1.25390625,5.13890602537056e-05
1.255859375,-1.29020110274184e-06
1.2578125,-8.27244870461294e-06
1.259765625,2.46412352136539e-05
1.26171875,2.63339878430527e-05
1.263671875,2.55878855884603e-05
1.265625,-6.77785857677699e-06
1.267578125,-1.83899899928713e-05
1.26953125,-2.10808921913009e-05
1.271484375,-6.25274470084977e-06
1.2734375,6.63227555250178e-06
1.275390625,-6.02079138948837e-05
1.27734375,-2.19466920154197e-05
1.279296875,-2.67952061392957e-05
1.28125,-3.88925048737343e-05
1.283203125,-3.98556436032238e-05
1.28515625,-2.27250360407162e-05
1.287109375,-5.29659045444854e-06
1.2890625,-6.77617074001077e-06
1.291015625,1.1104979282375e-05
1.29296875,-1.20127812913631e-05
1.294921875,-4.08511869889261e-05
1.296875,-2.88699161143473e-06
1.298828125,-3.21474511720855e-05
1.30078125,1.96995852814912e-05
1.302734375,-1.72609870823916e-05
1.3046875,-4.38480093494971e-05
1.306640625,-7.55122141943458e-07
1.30859375,9.77291952641449e-06
1.310546875,5.28915546684653e-05
1.3125,5.11838749674968e-05
1.314453125,3.39931284586746e-06
1.31640625,-1.8624792540751e-05
1.318359375,4.36579898978801e-05
1.3203125,3.49473283441988e-05
1.322265625,1.60221609596965e-05
1.32421875,3.1303134925451e-05
1.326171875,1.98628075224749e-05
1.328125,-4.03374821582454e-06
1.330078125,4.08267592490216e-05
1.33203125,-2.42667569071963e-06
1.333984375,1.42527551589074e-06
1.3359375,1.6326943513161e-05
1.337890625,-2.75337347779029e-05
1.33984375,-1.62575174881194e-06
1.341796875,-5.1885281342527e-05
1.34375,-2.50357572237346e-05
1.345703125,-2.78431717943148e-05
1.34765625,-5.29035836227108e-05
1.349609375,-9.35481175963055e-06
1.3515625,-3.2067203097055e-05
1.353515625,-2.80520207316226e-05
1.35546875,-8.10189198236114e-06
1.357421875,-4.1694965537182e-05
1.359375,-4.90802648970532e-05
1.361328125,-7.01199457885763e-05
1.36328125,-1.65391710240193e-05
1.365234375,1.69224501841835e-05
1.3671875,-2.62060390378578e-05
1.369140625,-3.5151406575544e-05
1.37109375,8.84799058157274e-06
1.373046875,-1.52097556125818e-05
1.375,2.47215938065991e-05
1.376953125,-2.64064162949371e-05
1.37890625,5.086520861975e-05
1.380859375,4.52504902261797e-06
1.3828125,1.79958826592573e-05
1.384765625,4.99381278973251e-05
1.38671875,4.05072593278502e-05
1.388671875,1.6665547948164e-05
1.390625,3.47632071777564e-05
1.392578125,1.11458479475208e-05
1.39453125,1.7487165990396e-05
1.396484375,3.33072435417033e-05
1.3984375,-1.49907891434962e-05
1.400390625,-8.76955791661564e-07
1.40234375,6.84144235221031e-06
1.404296875,-2.04195328627145e-05
1.40625,-1.36327269941776e-06
1.408203125,-1.02670988868613e-06
1.41015625,-1.4854990314341e-05
1.412109375,-2.95435172947242e-05
1.4140625,-1.37717590928148e-05
1.416015625,-3.89377678873624e-06
1.41796875,9.20335230653913e-06
1.419921875,-2.16946555554022e-06
1.421875,-2.27077973827065e-05
1.423828125,-4.01419197974285e-06
1.42578125,-3.65689670271856e-05
1.427734375,9.56091522371699e-06
1.4296875,-2.70831071084678e-05
1.431640625,6.28631205369089e-06
1.43359375,-1.03137147380388e-05
1.435546875,-1.69209096590608e-05
1.4375,1.64667968818815e-06
1.439453125,-8.29174225759416e-06
1.44140625,6.29879380659849e-06
1.443359375,-3.6429509728097e-05
1.4453125,-2.44705530600723e-06
1.447265625,1.03774302250116e-05
1.44921875,-4.48601205489814e-05
1.451171875,-1.54242848562696e-05
1.453125,-3.81281579748054e-05
1.455078125,1.48008138800155e-05
1.45703125,-4.57419814712271e-06
1.458984375,-5.69615085428569e-06
1.4609375,3.24912425641387e-05
1.462890625,4.42165732291138e-05
1.46484375,5.68578538533882e-06
1.466796875,2.04226913235009e-05
1.46875,1.65418900320081e-06
1.470703125,-1.58210649671543e-05
1.47265625,1.32245955954447e-06
1.474609375,7.88227477872094e-05
1.4765625,3.64976056081062e-05
1.478515625,4.82154989499981e-05
1.48046875,-1.84200984990066e-05
1.482421875,-2.6004537057868e-05
1.484375,1.54865121952532e-05
1.486328125,2.17240307382524e-05
1.48828125,2.13009836892714e-05
1.490234375,-2.97388549627793e-05
1.4921875,-4.1874063468154e-05
1.494140625,-4.35536835457726e-05
1.49609375,-1.09328033854572e-05
1.498046875,-1.52972433742085e-05
1.5,-3.83767328523669e-05
1.501953125,-4.73006895088079e-05
1.50390625,-4.94590793658979e-06
1.505859375,2.05016386218347e-06
1.5078125,2.49363903801913e-06
1.509765625,5.33153283672452e-05
1.51171875,4.22830824551037e-05
1.513671875,-1.62581189186393e-05
1.515625,6.90329791547501e-06
1.517578125,6.78573312268443e-06
1.51953125,1.71418703852829e-05
1.521484375,9.19601944498442e-06
1.5234375,4.38418271298456e-05
1.525390625,-1.1001298815018e-05
1.52734375,2.09951486052257e-05
1.529296875,6.32983456735535e-05
1.53125,-1.04367700770234e-05
1.533203125,3.50956988690836e-05
1.53515625,2.35850189048569e-05
1.537109375,3.2534714060072e-05
1.5390625,1.41922017503482e-05
1.541015625,2.10265847819923e-05
1.54296875,-7.52036620105678e-06
1.544921875,-3.01791386076584e-05
1.546875,3.78607236182807e-05
1.548828125,3.44720108752705e-05
1.55078125,6.27363465207695e-06
1.552734375,-1.96205890354573e-05
1.5546875,7.20089769257442e-06
1.556640625,-1.15044852365008e-05
1.55859375,-2.58953578904752e-05
1.560546875,-4.61905196273308e-06
1.5625,-8.85942110699141e-06
1.564453125,1.02621683165949e-05
1.56640625,-9.87081241222737e-06
1.568359375,-5.00528362062188e-06
1.5703125,-4.9719335129084e-06
1.572265625,-1.46287476992504e-06
1.57421875,-1.64636446174066e-05
1.576171875,2.80100757111593e-05
1.578125,-2.73227960064565e-05
1.580078125,-4.01195705562209e-05
1.58203125,-3.18173851490139e-05
1.583984375,-3.18635328851472e-06
1.5859375,-5.84153277657499e-05
1.587890625,5.49344520021166e-06
1.58984375,8.49402829699242e-06
1.591796875,-4.33106318720372e-05
1.59375,-3.3062133929813e-05
1.595703125,-2.27137593661187e-06
1.59765625,-2.50428067035774e-05
1.599609375,1.78214141643338e-05
1.6015625,-1.18815575380466e-05
1.603515625,-9.74738359778469e-06
1.60546875,3.30882658680472e-05
1.607421875,-1.43546521291059e-05
1.609375,6.59938759908315e-06
1.611328125,4.11779058780331e-05
1.61328125,2.40327924994686e-05
1.615234375,1.25109994020108e-05
1.6171875,2.72505564445416e-05
1.619140625,5.14194995286594e-05
1.62109375,-2.50969488365302e-05
1.623046875,-9.51837443439795e-06
1.625,2.22704468332986e-05
1.626953125,-2.41779707550984e-05
1.62890625,1.40273423721245e-05
1.630859375,2.52155246721549e-05
1.6328125,1.13816331894531e-05
1.634765625,2.31630681263768e-06
1.63671875,4.50750492314722e-06
1.638671875,-4.8179798138174e-05
1.640625,-3.19689384195754e-05
1.642578125,1.31072008887809e-05
1.64453125,1.00366402251328e-05
1.646484375,-8.58542800920745e-06
1.6484375,2.27640546902562e-06
1.650390625,-4.83719662594339e-06
1.65234375,-1.42521528387392e-05
1.654296875,-3.32448611187063e-05
1.65625,-1.12375046420294e-05
1.658203125,-2.41519112398514e-05
1.66015625,1.76596345456282e-07
1.662109375,-6.13094823902766e-06
1.6640625,-1.81045406768873e-05
1.666015625,-1.48057910468203e-05
1.66796875,2.86180708167755e-05
1.669921875,-8.50136633081241e-07
1.671875,6.09193488306969e-06
1.673828125,2.29319267792777e-05
1.67578125,-2.86959402299348e-05
1.677734375,1.50213885710102e-05
1.6796875,1.58912096167029e-05
1.681640625,2.10331821732476e-05
1.68359375,2.42783074882105e-05
1.685546875,1.23682915967504e-06
1.6875,-4.23655444984678e-06
1.689453125,1.58209612805037e-05
1.69140625,1.78849981455569e-05
1.693359375,7.37801055818906e-07
1.6953125,1.43075644995958e-06
1.697265625,1.48064540719034e-05
1.69921875,2.48805244943802e-05
1.701171875,5.19008212407437e-06
1.703125,-2.0856946208806e-05
1.705078125,4.37271473845447e-05
1.70703125,-6.27309007443015e-06
1.708984375,-1.70108758630908e-05
1.7109375,5.08760237408463e-06
1.712890625,4.53979919835925e-06
1.71484375,5.93109104051805e-06
1.716796875,-3.3666056144457e-05
1.71875,-1.53729613543467e-06
1.720703125,-5.12877107722415e-06
1.72265625,7.29762426787497e-06
1.724609375,3.66305577491346e-05
1.7265625,-2.74622599284631e-05
1.728515625,-4.4475959577271e-06
1.73046875,8.96535702196671e-06
1.732421875,-4.39345966941332e-06
1.734375,-4.73732220795828e-05
1.736328125,-4.90499140675e-06
1.73828125,4.64029775550846e-06
1.740234375,-1.5075170422767e-05
1.7421875,5.56977012762595e-05
1.744140625,6.72667146655674e-06
1.74609375,2.01787389838696e-05
1.748046875,2.35715228292267e-05
1.75,1.58578040875246e-05
1.751953125,-1.68103093835616e-05
1.75390625,1.89154763216546e-05
1.755859375,-1.00932855658147e-05
1.7578125,1.44392209994873e-05
1.759765625,9.27692111156538e-06
1.76171875,2.04759630674237e-05
1.763671875,1.95099919480892e-05
1.765625,-2.33326706959935e-05
1.767578125,2.82854160558452e-05
1.76953125,-5.95128433432096e-06
1.771484375,1.55901403295294e-05
1.7734375,-2.18307418737104e-05
1.775390625,1.14542557142562e-05
1.77734375,-1.10274866549117e-05
1.779296875,2.06787972393765e-05
1.78125,2.71071976802984e-05
1.783203125,-2.68314447940049e-05
1.78515625,-3.05569674271711e-05
1.787109375,7.669393406608e-06
1.7890625,-1.28768414959468e-05
1.791015625,-1.44087228382033e-05
1.79296875,-2.42818374876153e-05
1.794921875,-2.70251492810774e-05
1.796875,-2.42195749541966e-05
1.798828125,-5.83041026129098e-07
1.80078125,-7.3879643632492e-06
1.802734375,-5.0284990748838e-05
1.8046875,-5.88060228340845e-05
1.806640625,-1.80463435951788e-05
1.80859375,-2.46061669252952e-05
1.810546875,-1.89832809160974e-06
1.8125,8.52055534197775e-06
1.814453125,-6.20773626936598e-06
1.81640625,-1.09087390708781e-05
1.818359375,-2.0454637728902e-05
1.8203125,-6.3590505786196e-07
1.822265625,6.79876006346631e-07
1.82421875,1.69571494073524e-05
1.826171875,4.08439565706955e-05
1.828125,6.79641293231597e-06
1.830078125,1.03922567813852e-05
1.83203125,1.48414613269469e-05
1.833984375,2.29140589961945e-05
1.8359375,-1.11584804220031e-05
1.837890625,3.0323175672695e-05
1.83984375,5.04499393292703e-06
1.841796875,3.5615965712487e-05
1.84375,-1.45843680827049e-05
1.845703125,-2.29654390761775e-05
1.84765625,-2.10244218205551e-05
1.849609375,1.03285931936877e-05
1.8515625,-1.65860464736453e-05
1.853515625,-2.38919030824887e-05
1.85546875,-4.78634561187744e-05
1.857421875,-3.31957093065312e-05
1.859375,-3.05094258197339e-05
1.861328125,-7.4627792086444e-06
1.86328125,-8.86324924339795e-06
1.865234375,-6.40048054000199e-05
1.8671875,-1.00817238583629e-05
1.869140625,1.07165380544624e-05
1.87109375,-8.74585245582824e-07
1.873046875,-1.62823913586005e-05
1.875,9.15057906825218e-06
1.876953125,3.81663986947072e-05
1.87890625,3.17085108375549e-05
1.880859375,1.42489107040183e-05
1.8828125,1.72927587737983e-05
1.884765625,4.36469642074443e-05
1.88671875,-1.68681017874068e-06
1.888671875,2.5260321635393e-05
1.890625,-2.92141327264272e-05
1.892578125,4.32983060933237e-06
1.89453125,2.41652584603849e-05
1.896484375,2.97333663261429e-05
1.8984375,1.99193571804844e-06
1.900390625,-1.16940746924546e-05
1.90234375,5.73755240286076e-06
1.904296875,-3.29290418907923e-05
1.90625,-3.11525723754204e-05
1.908203125,-4.50506128876098e-05
1.91015625,-2.29258257924461e-06
1.912109375,9.20399097451939e-06
1.9140625,-6.22473697526562e-07
1.916015625,-1.26953723070047e-06
1.91796875,-1.2608827245691e-05
1.919921875,-1.58158652815083e-05
1.921875,-1.67323628250299e-06
1.923828125,2.37030034696204e-05
1.92578125,4.86222024756937e-05
1.927734375,5.14653141243215e-05
1.9296875,-2.25540297699442e-05
1.931640625,1.21163838567298e-05
1.93359375,6.38486178041578e-07
1.935546875,3.06238345081385e-05
1.9375,1.91785748309598e-05
1.939453125,3.17660240549173e-05
1.94140625,1.6329544707748e-05
1.943359375,-3.73010611445496e-06
1.9453125,-1.3418255477903e-05
1.947265625,-1.42229379201729e-05
1.94921875,-2.01217739430565e-05
1.951171875,1.68348968277401e-06
1.953125,-4.44432342913527e-06
1.955078125,-3.29683186921287e-05
1.95703125,-1.34549997061407e-05
1.958984375,2.48781954818304e-05
1.9609375,1.55554217004531e-05
1.962890625,3.01143599990547e-05
1.96484375,-2.1529000140027e-05
1.966796875,6.40998006325132e-06
1.96875,-2.75687794083833e-05
1.970703125,5.52772872226525e-06
1.97265625,-3.70785633779631e-05
1.974609375,-1.15618188794068e-05
1.9765625,-2.64088937132265e-05
1.978515625,1.2731552431134e-06
1.98046875,-4.96164720161052e-06
1.982421875,4.21476264886209e-05
1.984375,5.21673841111099e-06
1.986328125,-1.46049588226075e-06
1.98828125,1.28052979730702e-06
1.990234375,9.85269730311233e-06
1.9921875,-2.03509575275042e-06
1.994140625,-9.57994501024394e-06
1.99609375,-1.23756150783037e-05
1.998046875,-3.80540613188266e-06
2,-1.84119405343086e-05
2.001953125,-9.11956203967822e-06
2.00390625,1.48740548038103e-05
2.005859375,-1.94081617941587e-05
2.0078125,1.27666407329098e-05
2.009765625,2.28849008565064e-05
2.01171875,1.50903870300321e-05
2.013671875,3.12864659544356e-06
2.015625,1.4718632595697e-06
2.017578125,-1.98979622216349e-06
2.01953125,5.02232531589461e-05
2.021484375,7.64967396338981e-06
2.0234375,2.7947444408695e-05
2.025390625,5.77444199470755e-05
2.02734375,1.12659986979623e-05
2.029296875,9.83745662771995e-06
2.03125,9.52353275228429e-06
2.033203125,-2.40206574529874e-05
2.03515625,4.94213077135931e-06
2.037109375,-1.64123123033381e-05
2.0390625,-3.41175367743927e-05
2.041015625,-1.19895667476946e-05
2.04296875,3.9887135911701e-06
2.044921875,-1.62876396589953e-05
2.046875,-1.48504782696285e-05
2.048828125,-2.67764957763784e-05
2.05078125,-1.9987531665579e-05
2.052734375,-2.5765921310193e-05
2.0546875,-2.9836025766885e-05
2.056640625,-3.53389612665376e-05
2.05859375,-1.88376736320065e-06
2.060546875,-1.5120594579583e-05
2.0625,-2.55502745692522e-06
2.064453125,-1.84564427150212e-05
2.06640625,2.21451743195967e-05
2.068359375,3.60573360405359e-05
2.0703125,2.68361497704378e-05
2.072265625,3.9979632934229e-05
2.07421875,3.27332104412635e-06
2.076171875,5.49706245655713e-05
2.078125,2.18134377869574e-05
2.080078125,1.93838512531005e-05
2.08203125,2.59602320659399e-06
2.083984375,4.3947075543415e-06
2.0859375,1.24010168007416e-05
2.087890625,-4.79428885115558e-05
2.08984375,4.19292958825205e-06
2.091796875,1.60798174300704e-05
2.09375,-3.80800363629769e-05
2.095703125,-2.34006127754402e-06
2.09765625,5.78049676112253e-06
2.099609375,3.6256094186005e-06
2.1015625,2.13602616742771e-05
2.103515625,-4.19784786822697e-06
2.10546875,-3.69832061152534e-05
2.107421875,-2.58815884335377e-05
2.109375,-1.21663751520539e-05
2.111328125,-1.45352589969406e-05
2.11328125,5.97509717338069e-06
2.115234375,2.0205824612456e-05
2.1171875,1.24400883422955e-05
2.119140625,-1.9498476391202e-05
2.12109375,1.99982975297027e-05
2.123046875,2.08932086262499e-05
2.125,3.440811056102e-07
2.126953125,1.42265383974941e-05
2.12890625,-3.93182768556647e-05
2.130859375,1.39965089642115e-05
2.1328125,3.07464932347269e-05
2.134765625,-3.69549627845901e-06
2.13671875,3.76913744083845e-06
2.138671875,-1.35219993059468e-05
2.140625,1.41728808181387e-06
2.142578125,2.89153364794308e-05
2.14453125,3.84764817779613e-05
2.146484375,2.19527121212371e-05
2.1484375,8.06824027997441e-06
2.150390625,2.13147900041004e-06
2.15234375,1.46758481693161e-05
2.154296875,-7.3965249174726e-06
2.15625,1.45621577512677e-07
2.158203125,1.32492248940587e-05
2.16015625,-6.41254518890212e-06
2.162109375,5.17844669469153e-07
2.1640625,-2.11192582493753e-05
2.166015625,1.07286422068847e-05
2.16796875,-6.36673327682415e-06
2.169921875,2.47842435730962e-05
2.171875,-2.68145635847287e-05
2.173828125,8.05529310903176e-06
2.17578125,-3.30212803822475e-05
2.177734375,4.33523229772286e-06
2.1796875,-1.87259319527423e-05
2.181640625,-3.76362247621079e-05
2.18359375,-2.32003847357799e-05
2.185546875,-9.85454002174776e-06
2.1875,-2.09524156967811e-05
2.189453125,-4.90497113997321e-05
2.19140625,4.4685819305161e-06
2.193359375,-1.67001513283719e-05
2.1953125,-1.85290967525018e-05
2.197265625,1.07760050632037e-06
2.19921875,1.29360242932621e-05
2.201171875,1.31117258401844e-05
2.203125,-1.10234699467211e-05
2.205078125,1.49894953636697e-05
2.20703125,-2.27882382478647e-05
2.208984375,3.93238417903406e-05
2.2109375,-2.47133201887269e-05
2.212890625,1.67474930102125e-05
2.21484375,-2.00659547018026e-06
2.216796875,4.25315754675085e-05
2.21875,-1.3945855161497e-06
2.220703125,-1.53407135447834e-05
2.22265625,-1.72015536760911e-07
2.224609375,-6.03690445941282e-06
2.2265625,1.88732348492763e-05
2.228515625,1.26122238351067e-05
2.23046875,-2.4517551401182e-05
2.232421875,1.89701574010852e-06
2.234375,1.12303090054263e-05
2.236328125,-4.21708242380015e-05
2.23828125,-1.49226674068223e-05
2.240234375,9.14403825592922e-06
2.2421875,-9.55826147560719e-06
2.244140625,-3.84368364492773e-05
2.24609375,4.70946495181648e-07
2.248046875,2.01021614384164e-05
2.25,-8.13571040521924e-06
2.251953125,-1.6144402625345e-05
2.25390625,2.7126580336756e-06
2.255859375,-1.05432471332045e-05
2.2578125,-2.28159083916712e-05
2.259765625,-5.14855447542314e-06
2.26171875,-1.08471381530664e-05
2.263671875,-4.07931901039254e-05
2.265625,-1.45541031231438e-05
2.267578125,-2.9944929806482e-05
2.26953125,1.47686472588338e-05
2.271484375,-1.99205533401733e-05
2.2734375,-4.8720344479557e-06
2.275390625,-7.70172861778592e-06
2.27734375,2.44956749151955e-05
2.279296875,2.30572940521026e-05
2.28125,-1.75904554060815e-05
2.283203125,-8.42142774569497e-06
2.28515625,2.20057704120947e-05
2.287109375,4.26171193392782e-06
2.2890625,-1.98940826155256e-05
2.291015625,2.23779656680715e-05
2.29296875,3.51762469682314e-05
2.294921875,-2.08889620937392e-05
2.296875,6.01118817999396e-05
2.298828125,5.22668149266399e-05
2.30078125,-5.10319897281047e-06
2.302734375,-5.86970481421691e-06
2.3046875,5.27795625491802e-05
2.306640625,2.21948225138985e-05
2.30859375,2.27367393221931e-05
2.310546875,-1.90197983112828e-05
2.3125,-2.43289311883112e-05
2.314453125,1.9714252063897e-05
2.31640625,-1.34123563699906e-05
2.318359375,5.51288997567227e-06
2.3203125,-4.58473680766524e-05
2.322265625,-1.89519054861265e-05
2.32421875,1.55598597859312e-05
2.326171875,2.20159599999999e-05
2.328125,-5.51095598318971e-05
2.330078125,-2.43953106398034e-05
2.33203125,-4.62283560894791e-05
2.333984375,1.02370452094031e-05
2.3359375,-2.81099793790443e-05
2.337890625,-1.30553963675264e-05
2.33984375,-2.01283765440125e-05
2.341796875,1.13000441127151e-05
2.34375,-1.2106704079628e-05
2.345703125,1.84763139977036e-05
2.34765625,4.52678930587127e-06
2.349609375,3.20212960014727e-06
2.3515625,3.48584839787531e-05
2.353515625,9.86588838981205e-06
2.35546875,8.12651076049672e-05
2.357421875,-1.13326671418873e-05
2.359375,5.95547817034058e-06
2.361328125,-2.66406427013979e-06
2.36328125,-1.59969936662549e-05
2.365234375,1.57029661850341e-05
2.3671875,1.78587342750342e-05
2.369140625,-1.80362828895893e-05
2.37109375,1.94162563214779e-05
2.373046875,6.42301299522989e-07
2.375,1.40459019785334e-05
2.376953125,-1.55265098193415e-05
2.37890625,-2.3279358330699e-05
2.380859375,-2.07246383280898e-05
2.3828125,-1.45859246968631e-05
2.384765625,-5.64892222462954e-05
2.38671875,-3.13620088790174e-05
2.388671875,-1.71330386971023e-05
2.390625,-3.03017680999465e-05
2.392578125,1.62952424592154e-06
2.39453125,1.80324467146203e-05
2.396484375,1.52538953640978e-05
2.3984375,5.14740919515119e-07
2.400390625,3.17419497137929e-05
2.40234375,-2.48855001955041e-05
2.404296875,8.67603393415021e-06
2.40625,1.15126243332523e-05
2.408203125,9.52202327482045e-06
2.41015625,-2.07311251958588e-05
2.412109375,1.56747301761478e-05
2.4140625,-2.24663753936892e-05
2.416015625,1.72903549641823e-05
2.41796875,-1.27478796969318e-05
2.419921875,-1.4562504383469e-05
2.421875,-4.72599440408356e-06
2.423828125,-9.72785222446278e-06
2.42578125,9.91976368571312e-07
2.427734375,-2.13035399312022e-05
2.4296875,-1.89465145113621e-05
2.431640625,-1.47448251707998e-05
2.43359375,-3.80290962909089e-07
2.435546875,-1.74990111469151e-05
2.4375,-3.85203828334415e-06
2.439453125,-5.25595264855612e-06
2.44140625,-1.02774245922552e-05
2.443359375,-2.9347997130347e-05
2.4453125,-2.28179379953329e-05
2.447265625,-3.22354539626499e-05
2.44921875,-1.72860702001215e-05
2.451171875,-7.67568838705412e-06
2.453125,-1.89077658915263e-05
2.455078125,3.65974996566723e-05
2.45703125,9.16922181359612e-06
2.458984375,-3.25938781867308e-05
2.4609375,7.3006320069215e-06
2.462890625,1.36044846653376e-05
2.46484375,-7.61582760322529e-07
2.466796875,4.679987501842e-06
2.46875,-9.40557349216365e-06
2.470703125,3.2297683532739e-05
2.47265625,1.60967676256207e-05
2.474609375,5.80558265757276e-05
2.4765625,9.45912514923498e-06
2.478515625,3.85054500408802e-05
2.48046875,3.0332116977511e-06
2.482421875,1.96770670354644e-05
2.484375,-5.51688724768391e-06
2.486328125,3.28629909127801e-05
2.48828125,6.68010776622138e-06
2.490234375,1.5025164448812e-06
2.4921875,1.74213256524806e-05
2.494140625,4.1391790890989e-05
2.49609375,1.57029514987335e-05
2.498046875,2.84138879003465e-06
2.5,-2.50677426514122e-05
2.501953125,3.71871275443244e-05
2.50390625,-8.92170950241788e-07
2.505859375,-2.45771002795105e-05
2.5078125,-1.69157063690714e-05
2.509765625,-2.44335281419322e-05
2.51171875,-3.3597619047671e-05
2.513671875,-5.93854614977211e-06
2.515625,-6.71491292797002e-06
2.517578125,-2.06404200030559e-05
2.51953125,-1.83973739852188e-05
2.521484375,1.55430347484809e-05
2.5234375,-3.07292132623818e-05
2.525390625,2.44086989897078e-05
2.52734375,-1.6954377111028e-08
2.529296875,-2.30968097316984e-06
2.53125,2.21821465982321e-05
2.533203125,1.47386460575286e-05
2.53515625,-7.63556628498508e-06
2.537109375,-2.54088495495201e-05
2.5390625,1.97813520668073e-05
2.541015625,8.9503284453972e-06
2.54296875,1.53076831644938e-05
2.544921875,2.0930883870387e-06
2.546875,1.20132931125244e-05
2.548828125,7.44059604838709e-06
2.55078125,1.84271921687506e-05
2.552734375,5.29977580169097e-06
2.5546875,-1.79486263442991e-06
2.556640625,4.19017862625764e-05
2.55859375,2.07321419836707e-06
2.560546875,5.40495548540697e-06
2.5625,-3.69544085118785e-06
2.564453125,2.70746380281802e-05
2.56640625,2.53968132664878e-05
2.568359375,7.70431575921554e-06
2.5703125,-1.0276802390628e-05
2.572265625,2.93756156674679e-06
2.57421875,-3.71536114421752e-06
2.576171875,-1.53685677358747e-05
2.578125,-2.77686787390457e-05
2.580078125,-1.46733476624984e-05
2.58203125,-2.25801818339966e-05
2.583984375,-1.23795595962217e-05
2.5859375,2.10762810652233e-05
2.587890625,-3.62883626430255e-05
2.58984375,-2.24049235434451e-05
2.591796875,-9.82968270555345e-06
2.59375,-2.13543435184645e-05
2.595703125,-8.8049204010105e-06
2.59765625,-9.37656766841426e-06
2.599609375,-5.84421477103078e-06
2.6015625,-2.51341630312948e-05
2.603515625,1.55408477616643e-05
2.60546875,9.88821586070081e-07
2.607421875,2.64221717373605e-05
2.609375,3.65197387358209e-05
2.611328125,-2.36212119152664e-05
2.61328125,3.00659426189204e-06
2.615234375,3.73261866381773e-05
2.6171875,3.50970456359104e-05
2.619140625,2.91718077481291e-05
2.62109375,-2.19662461147303e-05
2.623046875,3.92877557227748e-05
2.625,-2.91259127455538e-05
2.626953125,-6.06605492481878e-07
2.62890625,-2.8187683046902e-05
2.630859375,9.80349510336598e-06
2.6328125,-2.58913758833634e-05
2.634765625,-3.11282857063243e-05
2.63671875,2.17530853607798e-07
2.638671875,-1.13840907510168e-05
2.640625,-2.29858158744622e-05
2.642578125,-3.63787171332711e-05
2.64453125,1.31262571125447e-05
2.646484375,-4.28625997761468e-05
2.6484375,-3.9412447005882e-05
2.650390625,-3.96081258354171e-06
2.65234375,-2.51278033918671e-05
2.654296875,-7.30888695215094e-06
2.65625,1.62606814432353e-05
2.658203125,-3.26055935714685e-06
2.66015625,2.41556123917135e-06
2.662109375,2.44814238252114e-05
2.6640625,-6.3419516043222e-06
2.666015625,2.44312928394262e-06
2.66796875,1.4652637997071e-05
2.669921875,6.67349545469805e-06
2.671875,-9.08628126775265e-06
2.673828125,2.21887618728386e-06
2.67578125,2.71416670458764e-05
2.677734375,4.36556506583643e-06
2.6796875,-1.04576509890783e-05
2.681640625,-3.36411668792749e-05
2.68359375,-2.33407050900443e-05
2.685546875,-1.60397504569302e-06
2.6875,-3.46122075572016e-05
2.689453125,-3.2337751315965e-05
2.69140625,-2.70205349679928e-05
2.693359375,1.08467116486557e-05
2.6953125,8.67449776819432e-06
2.697265625,8.21710661024635e-06
2.69921875,7.15855359930345e-06
2.701171875,1.60448422389413e-05
2.703125,-3.57068463670347e-05
2.705078125,3.21515525095864e-05
2.70703125,-4.47843581326374e-06
2.708984375,-7.93901654657659e-08
2.7109375,2.3761780311609e-05
2.712890625,7.32173949369149e-06
2.71484375,-1.45047607097127e-05
2.716796875,4.43207526300032e-06
2.71875,6.31323403173273e-06
2.720703125,3.84174597278618e-05
2.72265625,-7.9683144330865e-07
2.724609375,-1.48185510716187e-06
2.7265625,-3.93643862972635e-05
2.728515625,-4.26105561384536e-06
2.73046875,-6.12577595359588e-07
2.732421875,-3.22609825765791e-05
2.734375,4.01365664775214e-06
2.736328125,-1.49749340038964e-05
2.73828125,1.37477089081231e-05
2.740234375,-1.70364123906269e-05
2.7421875,-4.85458585883958e-06
2.744140625,-1.95475864061508e-05
2.74609375,-3.78109493249999e-06
2.748046875,-4.22313806886997e-05
2.75,-2.61176389020015e-05
2.751953125,-1.82148076935818e-05
2.75390625,-4.37774396348081e-05
2.755859375,9.33900382254198e-06
2.7578125,-9.18121769484918e-06
2.759765625,1.70275467697372e-05
2.76171875,-1.24833234032176e-05
2.763671875,-1.0249491420854e-05
2.765625,1.1378096641329e-05
2.767578125,1.30006719502051e-05
2.76953125,3.93100930394919e-05
2.771484375,2.58279848649491e-05
2.7734375,4.18283164244253e-05
2.775390625,1.72044075671605e-05
2.77734375,7.56814906624088e-06
2.779296875,6.52088100866528e-06
2.78125,-4.03659157445831e-06
2.783203125,-2.40666095925518e-06
2.78515625,1.00818880057921e-05
2.787109375,3.93447260813778e-05
2.7890625,1.17791959220824e-05
2.791015625,-1.42658753626201e-07
2.79296875,-4.95875481483359e-06
2.794921875,-1.48831039847126e-05
2.796875,-1.03588753460317e-07
2.798828125,1.5034685063884e-06
2.80078125,3.50420950896318e-06
2.802734375,2.64598304548182e-05
2.8046875,-1.8972332524898e-05
2.806640625,-1.82050852160796e-06
2.80859375,5.02877142598313e-06
2.810546875,-1.46746462655665e-05
2.8125,-1.73499939195041e-05
2.814453125,1.00126019536717e-06
2.81640625,2.71587296266914e-06
2.818359375,2.16072631168969e-05
2.8203125,1.12733590116773e-05
2.822265625,1.4323126521053e-05
2.82421875,4.14958433080021e-05
2.826171875,1.61780571685641e-06
2.828125,4.29902513595838e-06
2.830078125,-8.11067021481915e-06
2.83203125,1.76313745312335e-05
2.833984375,1.40231985383244e-05
2.8359375,-2.25966115647487e-05
2.837890625,1.32103881440927e-05
2.83984375,-1.16654385859732e-05
2.841796875,-5.79949621848032e-06
2.84375,1.06051151486968e-05
2.845703125,-4.69334896510764e-06
2.84765625,-1.3468255126317e-06
2.849609375,6.20435612615901e-06
2.8515625,1.32012377352129e-05
2.853515625,-1.30180454460359e-05
2.85546875,-1.95935438150284e-06
2.857421875,-6.57354717203341e-06
2.859375,-1.68300057879332e-05
2.861328125,-2.44386329478404e-05
2.86328125,3.49621690780023e-06
2.865234375,2.08275740770964e-05
2.8671875,-1.58207961291246e-05
2.869140625,1.02082734259529e-05
2.87109375,-8.80219661676682e-07
2.873046875,4.30605527011445e-05
2.875,5.53552353798628e-06
2.876953125,-2.25448927311872e-05
2.87890625,8.44725444061727e-06
2.880859375,1.4151640038487e-05
2.8828125,-1.36234576916975e-05
2.884765625,-2.03934659798747e-06
2.88671875,1.66776770717732e-05
2.888671875,2.61996952399221e-05
2.890625,-4.39186463087859e-06
2.892578125,-1.73779085661607e-05
2.89453125,3.98784295538788e-05
2.896484375,-3.05924688037306e-05
2.8984375,1.69831204161964e-05
2.900390625,2.25325426161426e-05
2.90234375,6.20889928992495e-05
2.904296875,-1.36582792482259e-06
2.90625,-1.72145907233287e-06
2.908203125,-2.93831338870819e-06
2.91015625,-4.22613704367313e-05
2.912109375,-4.52757837538254e-06
2.9140625,-1.170490543781e-05
2.916015625,-8.52672674154549e-06
2.91796875,-1.2786292258973e-05
2.919921875,-1.84424458514696e-05
2.921875,-1.77205477207577e-05
2.923828125,6.21311447145693e-06
2.92578125,2.37683879081714e-05
2.927734375,3.31915962278106e-05
2.9296875,-3.16927822507471e-05
2.931640625,-2.81827082324217e-05
2.93359375,-2.15035992882045e-05
2.935546875,-2.7087925120503e-06
2.9375,-1.07786224863008e-06
2.939453125,2.31289759629105e-05
2.94140625,1.60177451748025e-05
2.943359375,-3.36869797641803e-06
2.9453125,-3.23041119365496e-06
2.947265625,5.59196403062607e-06
2.94921875,-5.67180973216843e-06
2.951171875,7.10741288389354e-06
2.953125,5.07011896108582e-07
2.955078125,2.80956404321541e-05
2.95703125,9.52237820763901e-06
2.958984375,-1.34200193425361e-05
2.9609375,6.85596033115389e-06
2.962890625,2.1681363713704e-05
2.96484375,3.37842354206318e-05
2.966796875,-1.21517905785562e-05
2.96875,1.24407537417577e-05
2.970703125,9.42638767305872e-06
2.97265625,2.32385439085879e-06
2.974609375,-2.42695174701277e-05
2.9765625,7.31234757126327e-06
2.978515625,-6.15090869099215e-06
2.98046875,3.76899252169312e-06
2.982421875,-7.50503272990031e-07
2.984375,9.06150466060162e-06
2.986328125,-5.68004151893744e-05
2.98828125,-1.0207916226669e-06
2.990234375,-5.78627822712049e-06
2.9921875,2.05795649730359e-06
2.994140625,-2.57013212795849e-05
2.99609375,-2.56856904579286e-05
2.998046875,-1.49567437759303e-05
3,-4.38428395665054e-06
3.001953125,1.83164196490441e-05
3.00390625,8.15599304692924e-06
3.005859375,-2.01578875489619e-05
3.0078125,6.66998808935671e-06
3.009765625,7.70136900693628e-07
3.01171875,4.11364823647976e-05
3.013671875,7.76484626572322e-07
3.015625,-1.42253762130351e-06
3.017578125,-8.62694247092219e-06
3.01953125,2.48138953961529e-05
3.021484375,1.91938067561292e-05
3.0234375,6.31955093976792e-06
3.025390625,3.95312295815624e-05
3.02734375,2.57116885329886e-05
3.029296875,2.30545658686064e-05
3.03125,2.38200657120201e-05
3.033203125,-3.27552703433636e-05
3.03515625,9.94131929244246e-06
3.037109375,-3.93814027904552e-05
3.0390625,-1.82652417241304e-05
3.041015625,-4.68390984156732e-06
3.04296875,-4.62163901891983e-05
3.044921875,1.24339596737745e-05
3.046875,-5.78421925459733e-06
3.048828125,-3.01656694982054e-05
3.05078125,-2.78547839082882e-05
3.052734375,-3.16998975176326e-05
3.0546875,-2.94829903975743e-05
3.056640625,1.9992814352204e-05
3.05859375,-1.97563579686967e-05
3.060546875,8.36503646846301e-06
3.0625,-4.30734718713816e-06
3.064453125,2.84674545568666e-05
3.06640625,1.26507670383899e-05
3.068359375,-1.63578805538211e-05
3.0703125,1.14840546816774e-06
3.072265625,7.84596263717052e-08
3.07421875,1.6871148860406e-05
3.076171875,2.79050830265325e-05
3.078125,2.49799649505012e-05
3.080078125,1.1018052316159e-05
3.08203125,-8.08057890676543e-06
3.083984375,2.18381806811036e-05
3.0859375,2.97736903160566e-05
3.087890625,2.98811699927796e-05
3.08984375,6.01388334718604e-06
3.091796875,1.43911200152605e-05
3.09375,2.43564149443458e-05
3.095703125,-1.64203978723609e-05
3.09765625,2.19330225303408e-05
3.099609375,2.36210323419628e-05
3.1015625,3.50300236259846e-05
3.103515625,-2.894877201175e-05
3.10546875,1.99563323344305e-05
3.107421875,-3.38732903984101e-05
3.109375,-2.85826830207136e-05
3.111328125,-1.76694546526985e-05
3.11328125,-1.82706867744858e-05
3.115234375,-2.36570827620298e-05
3.1171875,-2.30532478820438e-05
3.119140625,-6.01679044520672e-06
3.12109375,1.25572591883121e-06
3.123046875,-1.26463072094076e-05
3.125,-1.22976362308139e-05
3.126953125,-5.12547384680257e-05
3.12890625,-2.68525800739773e-05
3.130859375,-2.80955292433043e-05
3.1328125,-3.46546337768417e-05
3.134765625,-3.4015522598075e-05
3.13671875,-4.7081319084678e-06
3.138671875,-9.96199887085376e-06
3.140625,1.91507792813314e-05
3.142578125,2.13335715306862e-05
3.14453125,3.12339997150671e-05
3.146484375,1.0196387844581e-05
3.1484375,2.08072662529419e-05
3.150390625,9.48619762781563e-07
3.15234375,2.17864247485154e-05
3.154296875,1.5054854103724e-05
3.15625,2.09509338023244e-05
3.158203125,1.58868920472907e-05
3.16015625,1.59206946421628e-05
3.162109375,-2.30386755490628e-06
3.1640625,7.74267330623561e-06
3.166015625,-3.4257449361442e-06
3.16796875,-2.20408865401279e-05
3.169921875,-9.82893745921986e-06
3.171875,2.22152054153207e-05
3.173828125,-3.84025336915355e-06
3.17578125,2.17374328514512e-06
3.177734375,1.5882356061919e-05
3.1796875,1.26996415814295e-05
3.181640625,-2.24431606395283e-05
3.18359375,1.06152932392315e-05
3.185546875,1.70627527188201e-06
3.1875,-2.83075173977654e-05
3.189453125,-3.16266367640429e-05
3.19140625,-1.80394599254734e-05
3.193359375,1.6629564109331e-05
3.1953125,3.79738268084541e-05
3.197265625,-8.89816485843362e-06
3.19921875,1.28149908537316e-05
3.201171875,1.24214885646737e-06
3.203125,1.16882122453243e-06
3.205078125,8.57221006431783e-07
3.20703125,2.28195252437714e-05
3.208984375,-1.35880471238377e-05
3.2109375,-1.39771064373175e-05
3.212890625,-1.38904130410271e-05
3.21484375,-1.28206454227247e-05
3.216796875,-5.46827488738391e-06
3.21875,-2.07140656862874e-05
3.220703125,2.74452549853886e-05
3.22265625,1.22052933928308e-06
3.224609375,4.71838755815158e-06
3.2265625,8.9515028365506e-06
3.228515625,-8.62629078636464e-06
3.23046875,-1.25702286463205e-05
3.232421875,1.13888122985628e-05
3.234375,-2.1607488678249e-05
3.236328125,1.8532169413027e-05
3.23828125,4.71888334815101e-06
3.240234375,1.1504982876916e-05
3.2421875,-4.07082062997136e-06
3.244140625,2.20193412927328e-05
3.24609375,2.36735343734504e-05
3.248046875,-1.14295982080913e-06
3.25,4.01576812550872e-05
3.251953125,1.03619226070399e-05
3.25390625,-1.95772491918162e-05
3.255859375,-7.23390833884872e-06
3.2578125,-2.07255107968119e-05
3.259765625,2.01039120543941e-05
3.26171875,-5.08955287162138e-05
3.263671875,-3.67297729603342e-05
3.265625,1.75186310840007e-05
3.267578125,3.54077024833293e-06
3.26953125,6.43568859595334e-06
3.271484375,1.81033938667174e-05
3.2734375,-1.33737225856019e-05
3.275390625,-5.83949482233326e-05
3.27734375,-3.03880310295373e-05
3.279296875,-1.64889544179906e-05
3.28125,1.56207609782084e-05
3.283203125,1.02787538311822e-05
3.28515625,-7.97794560425392e-06
3.287109375,1.7773853614629e-05
3.2890625,1.86755288437888e-05
3.291015625,2.23930057310479e-05
3.29296875,3.7492962020755e-05
3.294921875,3.27967485053018e-06
3.296875,1.44337877713564e-05
3.298828125,-1.2380909992969e-05
3.30078125,1.91374064283356e-05
3.302734375,3.46214229373615e-05
3.3046875,6.60619572608856e-06
3.306640625,3.82424543700877e-05
3.30859375,-3.5552807871253e-06
3.310546875,-2.75606590035915e-09
3.3125,2.61300945427828e-05
3.314453125,1.10418785781964e-05
3.31640625,-1.19904643822959e-05
3.318359375,-4.07881569905565e-06
3.3203125,-2.04944121036471e-05
3.322265625,-3.325087295332e-05
3.32421875,-2.25796062117453e-05
3.326171875,-4.50769398537672e-06
3.328125,8.7411944079829e-06
3.330078125,5.50943728993265e-06
3.33203125,-3.0641299101893e-05
3.333984375,-1.33704348487916e-05
3.3359375,3.72453657289547e-05
3.337890625,4.05390125629764e-05
3.33984375,-1.16726278610321e-05
3.341796875,1.84985376532193e-05
3.34375,1.56803377253772e-05
3.345703125,2.81135582643834e-05
3.34765625,1.10545303144086e-05
3.349609375,7.19943054759755e-06
3.3515625,8.22762379504004e-06
3.353515625,-6.06250257721356e-05
3.35546875,4.73875675216633e-06
3.357421875,-4.5376097593382e-06
3.359375,-6.0358849808238e-06
3.361328125,1.41091882468949e-05
3.36328125,-3.21898608426753e-05
3.365234375,2.38195949278409e-05
3.3671875,-2.99932659682079e-05
3.369140625,-8.5652043090815e-06
3.37109375,1.1180907497613e-05
3.373046875,1.25930199152069e-05
3.375,-2.17754668751862e-05
3.376953125,-1.20892305374682e-05
3.37890625,1.56432767810739e-05
3.380859375,1.47761433644425e-05
3.3828125,1.03532869808293e-05
3.384765625,2.93049736183199e-07
3.38671875,7.0118501758373e-06
3.388671875,-1.5599167848562e-05
3.390625,6.2056212528296e-06
3.392578125,-3.48131427308222e-05
3.39453125,3.92655415464529e-05
3.396484375,6.55867548710284e-06
3.3984375,-9.58170717194775e-06
3.400390625,3.16274726738333e-05
3.40234375,-5.40447827291577e-06
3.404296875,-1.72265683629078e-05
3.40625,1.62539520205376e-05
3.408203125,8.07887852392204e-06
3.41015625,4.93878608564999e-06
3.412109375,-3.57334561348273e-05
3.4140625,1.58639416103438e-05
3.416015625,-1.1986691912284e-05
3.41796875,-1.20426252435446e-05
3.419921875,1.94602033461726e-05
3.421875,1.91097127559091e-06
3.423828125,-1.15105568692857e-05
3.42578125,-1.72452673112881e-05
3.427734375,-5.01042742874931e-06
3.4296875,-9.41046884954156e-06
3.431640625,-2.96612300650929e-07
3.43359375,1.83816357126359e-05
3.435546875,-3.03501022053338e-05
3.4375,1.42969884802618e-05
3.439453125,2.54650592450349e-05
3.44140625,7.49241489764233e-06
3.443359375,1.29278303160347e-05
3.4453125,1.02075945986324e-05
3.447265625,-2.68991664638413e-05
3.44921875,2.86636645526251e-05
3.451171875,-9.29329039193242e-07
3.453125,-2.33551463005177e-05
3.455078125,2.22790847010235e-05
3.45703125,2.21515820372164e-05
3.458984375,3.30183364138198e-05
3.4609375,9.71824037322626e-06
3.462890625,3.2627258303991e-05
3.46484375,-1.14044097960463e-05
3.466796875,-1.98390230650856e-05
3.46875,-2.28690745745e-05
3.470703125,-4.74606441916935e-06
3.47265625,1.36883930262666e-07
3.474609375,-3.07478048486227e-05
3.4765625,-1.16089344690756e-05
3.478515625,2.74556947109751e-06
3.48046875,-2.41399980272593e-05
3.482421875,8.49895100551312e-06
3.484375,-2.02938334900414e-05
3.486328125,-2.11910744580727e-05
3.48828125,-6.24497527706597e-06
3.490234375,-2.42912627997979e-05
3.4921875,2.7011134052602e-05
3.494140625,-1.12720771521208e-05
3.49609375,-1.37577776038827e-05
3.498046875,5.39855931056976e-06
3.5,5.74792770787585e-07
3.501953125,3.46100873139918e-05
3.50390625,-1.0500296936217e-05
3.505859375,1.66823343605489e-05
3.5078125,3.69418852910796e-05
3.509765625,4.4838421738214e-06
3.51171875,2.57886386269407e-05
3.513671875,4.13836175909399e-05
3.515625,3.15915651123055e-05
3.517578125,2.22728530586078e-05
3.51953125,1.88441211958803e-05
3.521484375,2.1326266163827e-05
3.5234375,7.58435660232293e-06
3.525390625,1.50171795894972e-05
3.52734375,2.7858761321308e-05
3.529296875,-2.29367338643079e-05
3.53125,-3.20692067205989e-05
3.533203125,-2.67882924208494e-05
3.53515625,7.67815378542069e-06
3.537109375,-6.19004409307198e-05
3.5390625,7.71824427886024e-06
3.541015625,-1.63124592022206e-05
3.54296875,-2.6476023270927e-05
3.544921875,-2.88112719179683e-05
3.546875,2.12981661928962e-05
3.548828125,1.64472534395096e-05
3.55078125,-3.27105039255551e-05
3.552734375,-1.18598416575691e-05
3.5546875,-2.015150525812e-06
3.556640625,-4.2011729661785e-06
3.55859375,5.47763500220484e-05
3.560546875,1.1459667524913e-05
3.5625,4.59399678048879e-05
3.564453125,8.46591227712347e-05
3.56640625,-2.1057549753723e-06
3.568359375,4.36756886471092e-05
3.5703125,1.408605772042e-05
3.572265625,1.28107674572992e-05
3.57421875,3.84859293295182e-05
3.576171875,-5.12393817035392e-06
3.578125,3.01218420617822e-05
3.580078125,-1.2996874925651e-05
3.58203125,2.67758507371246e-05
3.583984375,-2.82717473196843e-05
3.5859375,-3.75331842808932e-06
3.587890625,-3.35166714760067e-05
3.58984375,7.87719643457484e-07
3.591796875,-2.52179057802712e-05
3.59375,-2.01109632196716e-05
3.595703125,-1.41294899721813e-05
3.59765625,-2.13347160358298e-06
3.599609375,-1.74266841168684e-05
3.6015625,-3.33443196982163e-05
3.603515625,-1.71326397210427e-05
3.60546875,-5.24111702547995e-05
3.607421875,-2.46516030726387e-06
3.609375,-3.17857999186895e-05
3.611328125,-2.69454571205508e-06
3.61328125,2.82677383048483e-06
3.615234375,1.92655029015078e-05
3.6171875,2.02486245473993e-05
3.619140625,-1.00843369884287e-05
3.62109375,3.59699460661358e-05
3.623046875,-2.40970781192124e-06
3.625,3.51864370868876e-05
3.626953125,1.14359627531824e-05
3.62890625,2.13905141707582e-05
3.630859375,-1.6716416921641e-05
3.6328125,-2.25414749124814e-05
3.634765625,2.52239659134439e-05
3.63671875,2.33063652516415e-05
3.638671875,1.26938510372852e-06
3.640625,2.39616121240156e-05
3.642578125,-1.65059669281916e-05
3.64453125,-3.24780800375447e-05
3.646484375,3.38655009918163e-06
3.6484375,-8.11203084855407e-06
3.650390625,-1.0500505172417e-05
3.65234375,3.25811318315049e-05
3.654296875,5.2734830078514e-06
3.65625,1.11947813330478e-05
3.658203125,-1.98717231404748e-05
3.66015625,6.01571422278208e-06
3.662109375,3.70341375042728e-05
3.6640625,2.63278366138851e-05
3.666015625,3.4667165043925e-05
3.66796875,2.14329238887975e-05
3.669921875,-1.88508227270769e-05
3.671875,2.5873309500783e-05
3.673828125,5.1749829733801e-07
3.67578125,7.09438291068696e-06
3.677734375,3.33628971197941e-06
3.6796875,1.55599031654698e-05
3.681640625,-6.62557892906659e-06
3.68359375,2.0452569995885e-05
3.685546875,-6.377589114806e-06
3.6875,-2.43998697850659e-05
3.689453125,-2.14687223456013e-05
3.69140625,8.97041395843156e-06
3.693359375,1.67037559980589e-05
3.6953125,-6.0039809882505e-06
3.697265625,-1.30925591678131e-05
3.69921875,-2.88385821943596e-06
3.701171875,2.31336373163031e-06
3.703125,-5.04734576019648e-05
3.705078125,-2.27956281014838e-05
3.70703125,-2.3646310164743e-05
3.708984375,-1.88696706146628e-05
3.7109375,6.67756874139634e-07
3.712890625,-3.06398263214605e-05
3.71484375,-1.32534287549665e-05
3.716796875,3.08283288603093e-05
3.71875,9.98305300811702e-06
3.720703125,-1.02404617844962e-05
3.72265625,1.50364332303769e-05
3.724609375,4.36398789492392e-05
3.7265625,-3.18698214268491e-05
3.728515625,1.9967653798228e-05
3.73046875,1.63964969841822e-05
3.732421875,4.2938507943084e-05
3.734375,2.23945819820409e-05
3.736328125,3.22430580116248e-05
3.73828125,2.39171371804897e-05
3.740234375,1.8868086597383e-05
3.7421875,-1.00145233521126e-05
3.744140625,1.71042493205368e-05
3.74609375,5.95906028425913e-06
3.748046875,-1.66812378720426e-06
3.75,4.45046118988401e-05
3.751953125,2.91794139841209e-06
3.75390625,-1.63055600460404e-05
3.755859375,7.92205904336299e-06
3.7578125,-5.87783123873073e-06
3.759765625,-2.79070893048973e-05
3.76171875,-2.74790192338831e-05
3.763671875,-1.51305253185628e-05
3.765625,-1.03188850462543e-05
3.767578125,4.24723330529883e-06
3.76953125,-1.03469343272359e-05
3.771484375,3.02649719844069e-06
3.7734375,-1.09796834723033e-05
3.775390625,1.24976347469961e-05
3.77734375,4.87792312449756e-06
3.779296875,-1.14302644507471e-05
3.78125,1.42715843441204e-05
3.783203125,2.80237896969023e-06
3.78515625,1.46554594991697e-05
3.787109375,3.23808292773851e-05
3.7890625,1.92654872849841e-05
3.791015625,3.31026545880525e-05
3.79296875,4.03707198080666e-05
3.794921875,1.4623690483486e-06
3.796875,4.1012401681595e-05
3.798828125,2.74708781681379e-05
3.80078125,-1.17809946099866e-05
3.802734375,-2.89559302756255e-05
3.8046875,4.60527097489262e-05
3.806640625,3.32891611099337e-05
3.80859375,4.26986697731613e-05
3.810546875,4.15732186595337e-06
3.8125,-1.33411085850523e-05
3.814453125,-2.71595519332541e-05
3.81640625,2.94535604485258e-06
3.818359375,-1.30898484756653e-05
3.8203125,-2.19284357291883e-05
3.822265625,-3.22730674118516e-05
3.82421875,-2.68919650901444e-05
3.826171875,-1.19919591736866e-05
3.828125,-1.13251960937334e-05
3.830078125,-4.64474307751011e-06
3.83203125,-6.81771466558991e-06
3.833984375,-5.81502157819963e-05
3.8359375,7.76717752328854e-06
3.837890625,-2.2236672078588e-05
3.83984375,-3.89290677048059e-05
3.841796875,2.31305865401285e-05
3.84375,-7.19820187772351e-06
3.845703125,-1.38801533116626e-05
3.84765625,2.13163720373498e-05
3.849609375,7.83566762651807e-06
3.8515625,1.26299917614724e-05
3.853515625,1.79396605500099e-05
3.85546875,4.35253926976121e-05
3.857421875,4.35622505495368e-05
3.859375,5.33564439105534e-05
3.861328125,2.49772940085467e-05
3.86328125,-3.81649109128848e-06
3.865234375,1.77701648388942e-05
3.8671875,-2.29226583608974e-05
3.869140625,1.54921233793259e-05
3.87109375,8.90543318170498e-07
3.873046875,2.05081176529504e-05
3.875,-8.13611296886265e-06
3.876953125,-2.38223562305413e-05
3.87890625,-2.72132737961944e-06
3.880859375,-1.00980615753793e-05
3.8828125,-1.92713288801587e-05
3.884765625,-9.14603638916353e-06
3.88671875,-1.49074993491459e-05
3.888671875,1.87037421482227e-05
3.890625,1.45929562450175e-06
3.892578125,-6.91613258654457e-06
3.89453125,2.69302081193228e-05
3.896484375,-1.37849772350739e-06
3.8984375,1.58324068449108e-05
3.900390625,1.62679941679019e-06
3.90234375,-1.00604442307392e-05
3.904296875,-3.66048453362658e-05
3.90625,8.82668834291314e-06
3.908203125,9.00928861419549e-06
3.91015625,2.42835216163537e-05
3.912109375,4.71624151284249e-06
3.9140625,-1.3495099369627e-06
3.916015625,-7.75247792032284e-07
3.91796875,1.50455771039241e-05
3.919921875,1.81531265795142e-06
3.921875,-2.1535484090187e-05
3.923828125,-2.78663022446253e-05
3.92578125,-1.10096234010095e-05
3.927734375,-1.4643662262502e-06
3.9296875,-9.93703611742254e-06
3.931640625,-4.56885835436397e-07
3.93359375,1.66950478127004e-05
3.935546875,-7.06616008873357e-06
3.9375,1.46181928266242e-05
3.939453125,1.17008193431095e-05
3.94140625,-2.12344253143704e-05
3.943359375,-1.74646487723507e-05
3.9453125,-1.5658773593587e-05
3.947265625,2.28009415724305e-05
3.94921875,4.04201281167336e-05
3.951171875,3.03235367351351e-05
3.953125,5.65930778585322e-06
3.955078125,2.11723361897112e-05
3.95703125,5.87806239895518e-06
3.958984375,4.16504536014414e-05
3.9609375,3.421589384214e-05
3.962890625,1.24390143941418e-05
3.96484375,-3.24788766663498e-07
3.966796875,2.99244117761186e-06
3.96875,-1.37570358455805e-05
3.970703125,-7.10981791228493e-06
3.97265625,-3.66491629927908e-05
3.974609375,-1.04774772692343e-05
3.9765625,6.2098675645671e-06
3.978515625,-5.69293660034349e-06
3.98046875,-3.91493876435541e-05
3.982421875,-1.21727433490598e-05
3.984375,4.21668023942566e-06
3.986328125,1.78447885127022e-05
3.98828125,-9.44971070354168e-06
3.990234375,-5.55562447635013e-06
3.9921875,9.56103335187633e-06
3.994140625,2.21692192400007e-05
3.99609375,-2.57842238631119e-05
3.998046875,-1.4199198745413e-06
4,-1.80982963138602e-05
4.001953125,4.47301456421616e-06
4.00390625,-3.67331174243016e-06
4.005859375,-1.38074412904232e-05
4.0078125,1.21924640750747e-05
4.009765625,-2.71985519858586e-05
4.01171875,1.30645590366526e-05
4.013671875,2.48705810401389e-05
4.015625,-2.40075660959843e-05
4.017578125,-1.9036201664358e-06
4.01953125,-7.99892354215109e-06
4.021484375,-2.14352152153154e-05
4.0234375,-5.10006319661303e-06
4.025390625,2.16019699469286e-05
4.02734375,-1.88508999993291e-05
4.029296875,2.70456304204075e-05
4.03125,-2.56637156614563e-05
4.033203125,1.24624752280095e-05
4.03515625,7.9700925319611e-06
4.037109375,2.28659369943372e-05
4.0390625,-2.53103929526835e-05
4.041015625,-2.27865714947359e-06
4.04296875,-2.72325956576473e-05
4.044921875,-4.07801742171417e-05
4.046875,3.0370553838692e-07
4.048828125,3.52666658602898e-06
4.05078125,4.45751221609962e-06
4.052734375,3.84161465520881e-05
4.0546875,3.90924310032203e-05
4.056640625,6.15451967523931e-06
4.05859375,-3.37492504690352e-05
4.060546875,-9.44435534705846e-07
4.0625,-3.10189137968391e-05
4.064453125,1.45652787663214e-05
4.06640625,4.1898834693792e-06
4.068359375,-5.47859958597782e-05
4.0703125,6.58486256164703e-06
4.072265625,-1.24589509604935e-05
4.07421875,1.08195488272489e-05
4.076171875,-7.71016959107672e-07
4.078125,2.06912896357932e-05
4.080078125,-1.62399063509513e-05
4.08203125,-2.1371754773228e-05
4.083984375,-2.52148854944324e-05
4.0859375,-3.63842057903091e-05
4.087890625,9.964121893742e-06
4.08984375,3.37620449295214e-06
4.091796875,1.30029189983381e-05
4.09375,3.80279770511273e-07
4.095703125,8.56459715118366e-06
4.09765625,3.62928141148163e-05
4.099609375,-1.79671552867044e-05
4.1015625,3.08243667270774e-05
4.103515625,2.82944602633369e-05
4.10546875,5.83342946712148e-05
4.107421875,5.61247981532289e-05
4.109375,4.09526397495299e-05
4.111328125,5.21446570179379e-05
4.11328125,8.17555495984061e-07
4.115234375,2.57467179801873e-05
4.1171875,2.11424525143249e-05
4.119140625,5.90508429513931e-06
4.12109375,1.14396471676073e-05
4.123046875,-6.01196602373763e-06
4.125,-2.20022003965101e-05
4.126953125,4.51329821785634e-07
4.12890625,-2.13967629564599e-05
4.130859375,1.81306797994024e-05
4.1328125,-4.90826913330028e-06
4.134765625,-1.85730593542299e-05
4.13671875,-3.17331627894989e-06
4.138671875,1.17025532615256e-06
4.140625,-3.4998106941552e-05
4.142578125,-1.26007218084035e-05
4.14453125,-1.71806046415636e-05
4.146484375,1.25497134419409e-05
4.1484375,-1.09439692707968e-05
4.150390625,-4.65372554311337e-06
4.15234375,-1.12306154436459e-05
4.154296875,8.13127844963052e-06
4.15625,-1.40343889592161e-06
4.158203125,3.47966994217719e-05
4.16015625,5.19884115232929e-05
4.162109375,2.28361084420475e-05
4.1640625,3.35546646701444e-05
4.166015625,3.98909937861212e-05
4.16796875,6.27289298741815e-06
4.169921875,1.80341257064069e-05
4.171875,1.0234874079672e-05
4.173828125,-5.34169079248242e-06
4.17578125,1.43480026481511e-05
4.177734375,6.70599405973007e-06
4.1796875,-1.74801933686487e-05
4.181640625,2.16837268514583e-05
4.18359375,-1.95283157431526e-05
4.185546875,-1.59498874498145e-05
4.1875,1.17257969319051e-05
4.189453125,-2.81026240524099e-05
4.19140625,1.34620892744697e-05
4.193359375,-1.07152368376717e-05
4.1953125,2.83611278936838e-05
4.197265625,7.04108172195526e-06
4.19921875,-2.5771311945344e-05
4.201171875,2.04880340042161e-06
4.203125,-8.50987657298587e-06
4.205078125,-1.17604603497206e-06
4.20703125,-1.36134278443092e-05
4.208984375,-1.36898281978753e-05
4.2109375,3.53407131012457e-06
4.212890625,-5.15864702815743e-06
4.21484375,-2.05422121032955e-05
4.216796875,-2.51105485770262e-05
4.21875,-1.03778734100767e-05
4.220703125,1.37720497120866e-06
4.22265625,-2.57109498431188e-05
4.224609375,4.31019609921566e-06
4.2265625,-1.68143940346258e-05
4.228515625,-7.0887409041511e-06
4.23046875,1.85299994989554e-05
4.232421875,-1.93954915751766e-06
4.234375,-4.91670639028323e-05
4.236328125,-9.88293473410626e-06
4.23828125,1.55710095476842e-05
4.240234375,-1.81181035159859e-06
4.2421875,-3.38196215026593e-05
4.244140625,1.19587325260251e-05
4.24609375,1.9859678825165e-06
4.248046875,2.06043398639e-05
4.25,-4.38733073157559e-06
4.251953125,1.9198200451586e-05
4.25390625,-2.79739700985995e-06
4.255859375,-2.71771784700261e-06
4.2578125,8.05659376455513e-06
4.259765625,4.61475700458048e-06
4.26171875,7.8920590157378e-06
4.263671875,-1.86045181569119e-05
4.265625,2.92731441139963e-05
4.267578125,3.48900468196602e-05
4.26953125,6.75017305316522e-06
4.271484375,5.09528724488043e-07
4.2734375,3.45077145016507e-05
4.275390625,2.38681939440627e-05
4.27734375,-1.77875219661544e-05
4.279296875,-2.68805648029039e-06
4.28125,7.95275155930793e-06
4.283203125,1.74380707644589e-05
4.28515625,-3.37601461602315e-05
4.287109375,-3.14467090593398e-05
4.2890625,-2.36726028185597e-05
4.291015625,-6.41572546278438e-07
4.29296875,-1.47960294178585e-05
4.294921875,-3.32889624214206e-05
4.296875,9.07179683228532e-06
4.298828125,7.07846392212453e-06
4.30078125,-1.80150700312377e-05
4.302734375,1.1955621190686e-05
4.3046875,-6.21187449483326e-06
4.306640625,-7.07387357960402e-06
4.30859375,-1.99662581256726e-05
4.310546875,5.6519524863504e-06
4.3125,-5.22643081598708e-06
4.314453125,-1.96703311417075e-05
4.31640625,9.87091089187196e-06
4.318359375,2.97902153782949e-05
4.3203125,-3.16319883082074e-06
4.322265625,1.5152134751503e-05
4.32421875,-1.40946190978418e-05
4.326171875,3.25572026050631e-05
4.328125,8.07413808326808e-06
4.330078125,2.81046414844447e-05
4.33203125,1.8847616831767e-05
4.333984375,4.54166309553794e-05
4.3359375,1.89311361701685e-05
4.337890625,-2.74597934323686e-06
4.33984375,-1.15772181737679e-05
4.341796875,1.54744015172249e-05
4.34375,1.78369129042354e-06
4.345703125,4.30639817696295e-05
4.34765625,-1.59071090523361e-05
4.349609375,2.46259793399011e-05
4.3515625,-1.47445533103021e-05
4.353515625,-7.06432209369302e-06
4.35546875,1.83302175052112e-05
4.357421875,2.69646638922203e-07
4.359375,-1.36031294426688e-05
4.361328125,-4.45812880077734e-05
4.36328125,-3.52307209561198e-05
4.365234375,-8.39708962808403e-06
4.3671875,-2.84318370076972e-05
4.369140625,-4.86475391642902e-05
4.37109375,-1.01293619547021e-05
4.373046875,-2.73030422286027e-05
4.375,-6.57302401505581e-06
4.376953125,-1.34126786282459e-06
4.37890625,2.91281917182462e-05
4.380859375,1.49059866284191e-05
4.3828125,-2.24494564593696e-07
4.384765625,1.13975895830047e-05
4.38671875,1.49565700073484e-05
4.388671875,-1.83226706898268e-05
4.390625,1.25233806895478e-05
4.392578125,5.55703550888e-06
4.39453125,1.67322647563887e-05
4.396484375,2.43921778231425e-05
4.3984375,1.96133122389349e-05
4.400390625,3.45527463809247e-05
4.40234375,3.7951987838137e-05
4.404296875,2.06916108591067e-05
4.40625,2.43723923310814e-05
4.408203125,4.46354423665428e-05
4.41015625,1.29252482622436e-05
4.412109375,4.62418816482408e-05
4.4140625,1.47885533074374e-05
4.416015625,3.20180026243885e-05
4.41796875,-2.17978556440603e-05
4.419921875,-6.45219497594948e-06
4.421875,1.22524839773859e-05
4.423828125,1.2780049135761e-05
4.42578125,-3.68829717216461e-05
4.427734375,-4.00369248930488e-05
4.4296875,2.31803408688981e-07
4.431640625,-1.44125313803308e-05
4.43359375,-2.74728731813622e-06
4.435546875,-9.81403137943829e-06
4.4375,-3.72969982824514e-05
4.439453125,-7.57003793005216e-06
4.44140625,-2.94055117996808e-06
4.443359375,1.83664751840423e-05
4.4453125,2.94351433217871e-05
4.447265625,1.78852586296563e-05
4.44921875,-2.933886177277e-06
4.451171875,-8.50834943703209e-06
4.453125,2.16907727331384e-05
4.455078125,1.82760689809948e-06
4.45703125,-1.61465901246472e-05
4.458984375,1.50578067635316e-05
4.4609375,1.43810500113691e-05
4.462890625,2.00777051019192e-05
4.46484375,3.89477374999206e-05
4.466796875,1.68318256800288e-05
4.46875,-7.70767209270435e-06
4.470703125,2.71168900002421e-05
4.47265625,-2.13455393740025e-05
4.474609375,5.34368001183389e-07
4.4765625,1.73740125691665e-05
4.478515625,-4.02571975965814e-05
4.48046875,1.00048447221229e-05
4.482421875,1.72862345957314e-05
4.484375,1.70010825454481e-05
4.486328125,1.09337078436956e-05
4.48828125,-4.02784239984194e-05
4.490234375,-5.48352819867469e-06
4.4921875,-2.85579504466475e-05
4.494140625,1.9891381369394e-05
4.49609375,-6.41690215677971e-06
4.498046875,2.51376094460329e-05
4.5,-1.51338663251434e-05
4.501953125,-2.35259100462946e-05
4.50390625,3.01269683420698e-06
4.505859375,-2.56099411936156e-05
4.5078125,-2.46041006369285e-05
4.509765625,-2.12672914978907e-05
4.51171875,-4.52943692933586e-06
4.513671875,-1.18788002716753e-05
4.515625,1.4255012049434e-05
4.517578125,1.78863496186534e-05
4.51953125,-4.48438620804921e-06
4.521484375,8.97728574496439e-06
4.5234375,1.1412538168287e-05
4.525390625,-1.78085032274072e-05
4.52734375,1.09431600632976e-05
4.529296875,4.15428304298228e-06
4.53125,3.30760091270142e-05
4.533203125,-1.70964411095668e-05
4.53515625,2.29157016823989e-05
4.537109375,-2.85727132653945e-06
4.5390625,4.53369289455449e-05
4.541015625,2.46949663917884e-05
4.54296875,-1.80110492627947e-05
4.544921875,3.4239435121744e-05
4.546875,3.84937937625717e-06
4.548828125,4.89364292449462e-07
4.55078125,2.90183331869317e-05
4.552734375,1.41934654478248e-06
4.5546875,1.75284329111107e-05
4.556640625,8.90388198624062e-06
4.55859375,-2.81356654297239e-05
4.560546875,-3.80992991655254e-06
4.5625,-2.75590285293017e-05
4.564453125,-3.80089150199979e-05
4.56640625,3.93849132744753e-05
4.568359375,-2.44747959087665e-05
4.5703125,-3.68073339389632e-05
4.572265625,2.8328578681797e-05
4.57421875,-4.07693504815073e-05
4.576171875,-6.86468093596623e-06
4.578125,6.3857442177998e-06
4.580078125,2.71779359978585e-06
4.58203125,-1.75659863827905e-05
4.583984375,-3.1929537410285e-05
4.5859375,2.47377610253305e-05
4.587890625,-5.12782900956482e-06
4.58984375,1.37916169442838e-05
4.591796875,2.27957244733317e-05
4.59375,4.10011448849301e-05
4.595703125,2.74920020602606e-05
4.59765625,-2.74269969542771e-06
4.599609375,1.37433305110769e-05
4.6015625,1.44773674152217e-07
4.603515625,1.89764050966726e-05
4.60546875,-9.52506600376733e-06
4.607421875,-2.77328301471913e-06
4.609375,2.00025407664996e-05
4.611328125,9.34566365151536e-06
4.61328125,-1.93567907841905e-06
4.615234375,1.57278940131454e-05
4.6171875,-3.41348352046189e-05
4.619140625,2.24916149874454e-06
4.62109375,-5.74352273945648e-05
4.623046875,-3.82068860011146e-05
4.625,8.10590513062886e-06
4.626953125,1.33404108470846e-05
4.62890625,1.06476676607843e-05
4.630859375,2.04461698884129e-05
4.6328125,-1.49016793904967e-05
4.634765625,8.40962404218016e-06
4.63671875,3.3210924381843e-06
4.638671875,4.11359358871222e-06
4.640625,-9.45605251138727e-06
4.642578125,8.19753875266546e-06
4.64453125,2.02220731358508e-05
4.646484375,2.4642944887038e-05
4.6484375,1.7782409861897e-05
4.650390625,1.36075195700073e-05
4.65234375,-1.70483606126286e-05
4.654296875,9.98913313606547e-07
4.65625,9.32325342243054e-06
4.658203125,-2.24194054257556e-05
4.66015625,1.96149616746943e-05
4.662109375,-2.95969587142977e-05
4.6640625,1.29655124417939e-05
4.666015625,-7.67921195539857e-06
4.66796875,-2.6624465318974e-05
4.669921875,1.40640950371195e-05
4.671875,-3.66549036020681e-05
4.673828125,1.39172348249525e-05
4.67578125,-1.101675985935e-05
4.677734375,-2.34400238827311e-05
4.6796875,5.87802154081929e-06
4.681640625,-1.02631510235411e-05
4.68359375,-1.01132017273068e-05
4.685546875,7.55567490596535e-06
4.6875,-1.67510104210945e-05
4.689453125,-3.03338754281361e-05
4.69140625,8.72407324398382e-06
4.693359375,-3.28524637669944e-05
4.6953125,-2.57756606613888e-05
4.697265625,2.53033147383587e-06
4.69921875,3.29966789646913e-06
4.701171875,1.44456490906342e-05
4.703125,1.24986371146391e-05
4.705078125,-2.34395498974123e-05
4.70703125,-1.69348375652741e-05
4.708984375,-2.76647031507495e-05
4.7109375,-5.03770713302783e-05
4.712890625,1.31991449304003e-05
4.71484375,-3.01460766783522e-05
4.716796875,2.88472155940601e-07
4.71875,-6.84013742114921e-06
4.720703125,3.25932964534751e-05
4.72265625,8.07444890266868e-06
4.724609375,2.75452052518568e-05
4.7265625,1.46484979867317e-05
4.728515625,3.08764588889406e-05
4.73046875,2.39398095068641e-05
4.732421875,2.31960344510453e-05
4.734375,-2.36209951353522e-05
4.736328125,1.06414072647632e-05
4.73828125,8.61344367123482e-06
4.740234375,5.15588302993537e-06
4.7421875,1.91523581262826e-07
4.744140625,-3.81349845560646e-05
4.74609375,1.09922262157757e-05
4.748046875,-4.01283243363236e-05
4.75,-9.91676653217772e-06
4.751953125,-2.54991795698856e-05
4.75390625,-2.98497815694823e-05
4.755859375,-6.66531854821974e-05
4.7578125,-5.22553154040897e-05
4.759765625,-1.68149172390747e-05
4.76171875,-2.82018575702963e-05
4.763671875,-5.93635559728635e-05
4.765625,9.38718205330136e-06
4.767578125,-4.36420775392741e-06
4.76953125,-2.00569137056585e-05
4.771484375,3.46906225638603e-05
4.7734375,-4.49025687796151e-06
4.775390625,3.59009471311266e-05
4.77734375,3.17761017011236e-06
4.779296875,3.24007400373808e-05
4.78125,1.82789438771802e-05
4.783203125,1.91307011949508e-05
4.78515625,2.70920678868335e-05
4.787109375,1.06183221216206e-05
4.7890625,5.29612029449597e-05
4.791015625,1.76899971517352e-05
4.79296875,9.10368335862889e-06
4.794921875,1.10114049109863e-05
4.796875,-7.3660134206797e-06
4.798828125,2.23253218560987e-05
4.80078125,-5.34288333597436e-06
4.802734375,1.98295780048797e-05
4.8046875,-9.66971845170264e-06
4.806640625,-3.66629288683836e-05
4.80859375,-1.53901231485049e-05
4.810546875,-9.58777371372934e-06
4.8125,-2.82301013894079e-05
4.814453125,4.87154254718708e-05
4.81640625,-1.20091862299297e-05
4.818359375,-1.31499697329595e-05
4.8203125,2.78433121904566e-05
4.822265625,-1.73041686962286e-05
4.82421875,-1.7911107157006e-06
4.826171875,1.69301422110275e-05
4.828125,3.60339009256327e-05
4.830078125,1.70505366039724e-05
4.83203125,3.18972257280499e-05
4.833984375,-2.82722004142713e-05
4.8359375,1.96231162303499e-05
4.837890625,-4.30517088746229e-07
4.83984375,8.84235533694268e-06
4.841796875,-3.43912993739524e-05
4.84375,1.54395390010586e-05
4.845703125,3.42948071372385e-06
4.84765625,-3.49307637063981e-05
4.849609375,2.41838094571761e-05
4.8515625,-2.65189366284027e-05
4.853515625,-1.54077954044287e-05
4.85546875,5.70666068077427e-06
4.857421875,5.70511970875212e-06
4.859375,-4.08306648865836e-06
4.861328125,5.26555795383027e-06
4.86328125,-3.87365276411816e-06
4.865234375,-1.99294814487662e-05
4.8671875,-3.80408983548617e-06
4.869140625,-1.21350072171975e-05
4.87109375,4.1975804216812e-05
4.873046875,1.83473303562419e-05
4.875,5.31717397797616e-05
4.876953125,2.40998115422436e-05
4.87890625,2.29460298228849e-05
4.880859375,3.10263968624115e-05
4.8828125,3.14777438093568e-05
4.884765625,-4.28307274758815e-06
4.88671875,4.54989880019255e-06
4.888671875,-1.78068875330739e-05
4.890625,-1.17039187453248e-05
4.892578125,-3.1179880355418e-06
4.89453125,1.26945642872064e-05
4.896484375,-1.07467148422786e-05
4.8984375,-1.70742124657733e-05
4.900390625,1.28671273806119e-07
4.90234375,-3.73243973727996e-06
4.904296875,-2.86134325698802e-05
4.90625,-2.58170248422186e-05
4.908203125,-9.58652114463465e-06
4.91015625,3.02300682669875e-07
4.912109375,-7.83030511932929e-06
4.9140625,1.39612456050976e-05
4.916015625,6.0377622503742e-06
4.91796875,1.18782529877744e-05
4.919921875,1.80566685067765e-05
4.921875,2.01904296900226e-05
4.923828125,2.92808938656413e-06
4.92578125,5.1914107927548e-05
4.927734375,5.34619805068966e-05
4.9296875,1.99619898765998e-05
4.931640625,8.82625655617681e-06
4.93359375,1.26940444504563e-06
4.935546875,-4.8940787700581e-06
4.9375,1.79558484355642e-06
4.939453125,1.17979609478727e-05
4.94140625,-2.20809492044555e-06
4.943359375,-2.66264035674462e-06
4.9453125,2.06115633320107e-05
4.947265625,-3.15984095317704e-05
4.94921875,3.30803124780465e-05
4.951171875,-2.07273391715908e-05
4.953125,-1.45901031539905e-06
4.955078125,1.76060677509776e-05
4.95703125,-2.13243934420794e-05
4.958984375,-1.50347193064735e-05
4.9609375,-6.3256225033781e-06
4.962890625,-7.30525478156475e-06
4.96484375,-2.64370692380929e-05
4.966796875,-8.32415363300276e-06
4.96875,2.179801909615e-05
4.970703125,3.48678226853743e-05
4.97265625,1.90561868723013e-05
4.974609375,-5.9086433213556e-07
4.9765625,1.36836597345658e-05
4.978515625,2.75689028813809e-05
4.98046875,8.23083845533907e-06
4.982421875,1.3664018475592e-05
4.984375,-1.37739247171481e-06
4.986328125,2.86616448129634e-06
4.98828125,2.76881499947445e-05
4.990234375,-1.44125270269872e-05
4.9921875,-1.29130368969858e-05
4.994140625,-2.3790785759476e-05
4.99609375,-4.70257077281925e-05
4.998046875,1.05637309237378e-06
5,-2.06488324010538e-05
