0,-0.00100654169256811
0.001953125,0.00122567049485389
0.00390625,-0.000622418434158462
0.005859375,0.00208188125356315
0.0078125,0.000348724887908592
0.009765625,-0.00089426319095827
0.01171875,0.00235077564174669
0.013671875,0.0011379766502177
0.015625,-0.00018566011471436
0.017578125,0.00247246251109707
0.01953125,0.00248557794413173
0.021484375,0.00114142298406165
0.0234375,0.00151058379059857
0.025390625,0.00234773059897583
0.02734375,0.00318793802290237
0.029296875,0.00201853613298255
0.03125,0.00257937653287503
0.033203125,0.00218339853122345
0.03515625,0.00328281012170301
0.037109375,0.00246276138924867
0.0390625,0.00179241947196221
0.041015625,0.00209889040528621
0.04296875,0.00247682190699082
0.044921875,0.00600133108298345
0.046875,0.00497059714769364
0.048828125,0.00401273546518214
0.05078125,0.00492056117790218
0.052734375,0.00251744506262112
0.0546875,0.00395895505928299
0.056640625,0.00595169236591829
0.05859375,0.00446699679566081
0.060546875,0.00280401876678965
0.0625,0.0047568078426393
0.064453125,0.00512824142388713
0.06640625,0.00535743794847426
0.068359375,0.00480703530295945
0.0703125,0.00433756614480792
0.072265625,0.00533638977662681
0.07421875,0.00581276896210875
0.076171875,0.00468004271279543
0.078125,0.00513564228437362
0.080078125,0.00444094580586641
0.08203125,0.00485315496291097
0.083984375,0.00483271449214629
0.0859375,0.00557883658727823
0.087890625,0.00612362137469509
0.08984375,0.00603497443559062
0.091796875,0.0058906839081082
0.09375,0.00422173244746247
0.095703125,0.00421851362630019
0.09765625,0.00514551167625321
0.099609375,0.00524897527608278
0.1015625,0.00467186868257307
0.103515625,0.00391264340282391
0.10546875,0.00494104411134676
0.107421875,0.00671550442840074
0.109375,0.00421848096537582
0.111328125,0.00351849235725955
0.11328125,0.005226248159112
0.115234375,0.00244516998318002
0.1171875,0.0067267330345837
0.119140625,0.00501012163954677
0.12109375,0.00457373744140333
0.123046875,0.00400973396185956
0.125,0.00610500472571643
0.126953125,0.00455817505011598
0.12890625,0.00229148229313773
0.130859375,0.00254304025046197
0.1328125,0.001668894400864
0.134765625,0.00372965485878234
0.13671875,0.00311418783533073
0.138671875,0.0032338904807092
0.140625,0.00246758298990607
0.142578125,0.00315579860823049
0.14453125,0.00574662897955778
0.146484375,0.00263257510904124
0.1484375,0.00428975040549868
0.150390625,0.00399030345625879
0.15234375,0.00337271749252599
0.154296875,0.00230916017575495
0.15625,0.00211936764265519
0.158203125,0.00171541032035412
0.16015625,0.00104273559494433
0.162109375,0.000423141921818721
0.1640625,0.00333413291895902
0.166015625,0.00143150722403613
0.16796875,0.00188629676460968
0.169921875,0.00216080302063721
0.171875,0.00313603532826559
0.173828125,0.000876069398745574
0.17578125,0.00126382572842481
0.177734375,0.000761396187756478
0.1796875,0.00115658376753611
0.181640625,0.00181807592160714
0.18359375,0.00340934616406143
0.185546875,-2.60083142526409e-05
0.1875,0.000344134178061798
0.189453125,0.00145515396788728
0.19140625,-0.000234712566403071
0.193359375,0.000938757419399189
0.1953125,0.000786634054543475
0.197265625,-0.000329067617585852
0.19921875,-0.00208034048661175
0.201171875,-0.000946980835209509
0.203125,-0.000887176885806141
0.205078125,-0.000255931157195771
0.20703125,-0.00156675578922715
0.208984375,0.00142741779535344
0.2109375,-0.000869961159005503
0.212890625,-0.00211569726357664
0.21484375,0.000361057558824831
0.216796875,0.000322821286307712
0.21875,-0.00168404568968952
0.220703125,-0.0027947045790452
0.22265625,-0.00102997919506624
0.224609375,-0.00127032279944354
0.2265625,0.00066637758423521
0.228515625,-5.72599791917984e-06
0.23046875,-0.00121236975916752
0.232421875,-0.00090404561940272
0.234375,-0.00290283015072557
0.236328125,-0.00236086525958246
0.23828125,0.000263788616152362
0.240234375,-0.00245006350000246
0.2421875,-0.000171229512355243
0.244140625,-0.00017214233291148
0.24609375,-0.000623251894148486
0.248046875,-0.0016146683754425
0.25,-0.0015258689554036
0.251953125,0.000765650302044186
0.25390625,-0.00200529124799655
0.255859375,-0.00133370859710595
0.2578125,-0.000964938114206778
0.259765625,0.000577272247465757
0.26171875,-0.00240096637915271
0.263671875,-0.000307300398999112
0.265625,-0.000538853956605767
0.267578125,-0.00239166481428432
0.26953125,-0.000731302608212146
0.271484375,-4.15773472465287e-05
0.2734375,-0.00273078856067499
0.275390625,-0.00129324542954954
0.27734375,0.000266446049719614
0.279296875,0.00135969382473591
0.28125,-0.000349623526116503
0.283203125,-0.00126995242526105
0.28515625,-0.00164968634522721
0.287109375,-0.00107331877577495
0.2890625,-0.0024865409425396
0.291015625,0.000581740285263272
0.29296875,-0.000287466063525565
0.294921875,-0.00218956514576501
0.296875,-0.000466728720543533
0.298828125,0.00126162741883161
0.30078125,-0.00256978733375133
0.302734375,0.000642479073573001
0.3046875,-0.000621906784553857
0.306640625,0.000493498173888105
0.30859375,-0.00140060918093425
0.310546875,0.000262888307198963
0.3125,-0.0026868287487041
0.314453125,-0.00120712670515241
0.31640625,-0.00156274124925541
0.318359375,-0.00088391080682758
0.3203125,0.000268468434772889
0.322265625,-0.000585399155252856
0.32421875,-0.00149318403138101
0.326171875,0.000255625124644355
0.328125,0.00120549613647915
0.330078125,-0.00140724215067395
0.33203125,0.000788403570026868
0.333984375,-0.000269190284400119
0.3359375,-0.000615804953143346
0.337890625,-7.89828489674295e-05
0.33984375,0.00155542252257748
0.341796875,0.000173786596826008
0.34375,0.00064827489108317
0.345703125,0.00034856096183455
0.34765625,6.84982477508166e-06
0.349609375,-0.00050097469500353
0.3515625,-7.65059849833426e-05
0.353515625,0.00186160171418821
0.35546875,-0.001440232648062
0.357421875,5.37551858038801e-05
0.359375,-0.000325921441460554
0.361328125,-6.21339179090612e-05
0.36328125,-7.13221439412219e-05
0.365234375,-0.00075909457400668
0.3671875,-0.00117257287687228
0.369140625,-0.000576395712855746
0.37109375,4.03398728333224e-05
0.373046875,0.00327970340118566
0.375,-0.00151798000240761
0.376953125,-0.0007623767511585
0.37890625,0.000416273630251064
0.380859375,0.000622143861385156
0.3828125,-0.00028765018554964
0.384765625,0.00181276411297361
0.38671875,0.000969334607306587
0.388671875,0.000149993033590627
0.390625,0.000428144378937665
0.392578125,0.000398237340181179
0.39453125,-0.000641813253764913
0.396484375,0.000835479147788697
0.3984375,0.00173004733561239
0.400390625,0.000890774887776491
0.40234375,0.000460713404208016
0.404296875,0.00169141635515817
0.40625,-0.00182153757868822
0.408203125,-0.000328451069611345
0.41015625,0.000168188026488294
0.412109375,-0.000435935636610726
0.4140625,-0.00185249807465271
0.416015625,0.000780281580743264
0.41796875,-0.00055942576656306
0.419921875,-0.000727481747757173
0.421875,0.000399952699845157
0.423828125,-0.000582479428472507
0.42578125,0.000882820460011906
0.427734375,-8.01169892291904e-05
0.4296875,0.000367430415528181
0.431640625,-0.000986351659191802
0.43359375,0.000490848526314453
0.435546875,-0.000326481050707736
0.4375,-0.000999435443396085
0.439453125,-0.00012945836946665
0.44140625,-0.000527002498648807
0.443359375,-0.00273077496964948
0.4453125,-0.00035914643829931
0.447265625,0.00084314796828796
0.44921875,-0.00186309370163528
0.451171875,-0.00278505889001365
0.453125,-0.00175130283921704
0.455078125,-0.0010978917414702
0.45703125,-0.000298128609878894
0.458984375,-0.00140109787268608
0.4609375,0.000724537463082566
0.462890625,-0.00330615238414293
0.46484375,-0.00237862445023335
0.466796875,-0.000123948052056134
0.46875,-0.000979499693302171
0.470703125,0.000157588769172396
0.47265625,-0.000725092845546286
0.474609375,-0.00136815552310934
0.4765625,-0.00055058704220641
0.478515625,-0.000549857974278925
0.48046875,0.000710235703347736
0.482421875,-0.00127002923075819
0.484375,0.000187785577670131
0.486328125,-0.00192786091374516
0.48828125,-0.00115138200839925
0.490234375,-0.00180581847104268
0.4921875,-0.000864192224196204
0.494140625,-0.00181109757088383
0.49609375,-0.00184565389068558
0.498046875,-0.000782481183718513
0.5,-4.42727212857667e-05
0.501953125,-0.00157584163680144
0.50390625,0.000313262104784304
0.505859375,0.000212537110543941
0.5078125,-0.00108455821644536
0.509765625,0.000844914066595392
0.51171875,0.000574279261894336
0.513671875,-0.00149369041547495
0.515625,-0.000335608420973759
0.517578125,-0.00167531736942798
0.51953125,-0.000159860417540314
0.521484375,-0.000725119809489977
0.5234375,-0.00216497464814804
0.525390625,0.000353953141967045
0.52734375,-0.000974002890360738
0.529296875,1.7266109600928e-05
0.53125,-0.00065004379055922
0.533203125,-0.000741792348435442
0.53515625,-0.00049265995426554
0.537109375,-0.00138916995902671
0.5390625,-0.000869300545410402
0.541015625,-0.00083406833837511
0.54296875,-0.000681061962468205
0.544921875,-0.00101090031709359
0.546875,-0.00180392133137323
0.548828125,-0.0011087536976285
0.55078125,0.000272815747405057
0.552734375,0.00028724900900098
0.5546875,-0.00218392983051975
0.556640625,-0.00185872646426204
0.55859375,1.96433746101283e-05
0.560546875,0.000589543622487806
0.5625,-0.000284637624852221
0.564453125,-0.000429108430105382
0.56640625,-0.000556748351256637
0.568359375,-0.00018950610715841
0.5703125,0.000637307108702248
0.572265625,0.00098185104136075
0.57421875,-0.000394979323079034
0.576171875,0.000679356547158196
0.578125,-0.00115140696451364
0.580078125,-0.000256208582511341
0.58203125,-0.000834585467531808
0.583984375,0.00135721663952012
0.5859375,-0.000267954891167202
0.587890625,5.65730408405828e-05
0.58984375,0.00127845410225673
0.591796875,-0.00165099279504355
0.59375,0.000315726318350244
0.595703125,-0.00178247407989955
0.59765625,0.00139796698704256
0.599609375,0.00025959627654442
0.6015625,0.00059771363659546
0.603515625,0.00130363522877899
0.60546875,-0.00153081143432683
0.607421875,0.00145653070828998
0.609375,-0.00222557786709876
0.611328125,0.00323923517159404
0.61328125,-0.000763885258554795
0.615234375,-0.000838591585688713
0.6171875,0.00122485895735206
0.619140625,0.000445573517161595
0.62109375,0.00139953268490142
0.623046875,0.00195152534431273
0.625,-0.000472559571812441
0.626953125,-0.00221725763884094
0.62890625,0.000404088873142937
0.630859375,0.00167019454608033
0.6328125,-0.000673968349092244
0.634765625,0.000537961058832141
0.63671875,0.00151982028754823
0.638671875,0.000495750162088044
0.640625,0.000615340591880901
0.642578125,-0.00122027858099348
0.64453125,0.000780805193166834
0.646484375,0.000544019180616795
0.6484375,0.000563084082175123
0.650390625,0.00031976019535671
0.65234375,-0.00121869176219114
0.654296875,-0.000136688855796997
0.65625,0.00133082253734645
0.658203125,0.0013291214208002
0.66015625,-0.00131092069194035
0.662109375,-0.000410564260453035
0.6640625,0.00020487132522955
0.666015625,0.00150483724020875
0.66796875,0.00029900103791284
0.669921875,0.000112239184466264
0.671875,-0.000640797871753265
0.673828125,0.00129838275121672
0.67578125,0.00090338455989735
0.677734375,-0.000789993085668485
0.6796875,0.00125290973176421
0.681640625,-0.000525865936306886
0.68359375,0.000823060764252166
0.685546875,0.000175422292447823
0.6875,-9.33107889619665e-05
0.689453125,-0.000336518582120698
0.69140625,-0.00114370779201373
0.693359375,-0.000319747909518907
0.6953125,0.000510387410851878
0.697265625,0.00207971602896181
0.69921875,-0.000166218943580679
0.701171875,-0.00164013090976546
0.703125,-0.00079413806199964
0.705078125,0.000373878180541962
0.70703125,0.000186711714447361
0.708984375,0.000449640053107833
0.7109375,0.00156679496448209
0.712890625,-0.000972944342850287
0.71484375,-0.000936057433387788
0.716796875,-0.00187764845018092
0.71875,-0.000667451187270753
0.720703125,0.000399438077655638
0.72265625,-0.000673962751997919
0.724609375,-0.00146696075117843
0.7265625,0.000774198135999673
0.728515625,0.000369591493078449
0.73046875,-0.000717516056999782
0.732421875,-2.29004545274577e-05
0.734375,-0.000607784987338424
0.736328125,0.000173429616387947
0.73828125,-0.00196059922981835
0.740234375,-0.00117468088839589
0.7421875,-0.00144045701550892
0.744140625,-0.000173582307874085
0.74609375,-0.000626386572210989
0.748046875,0.00129316353602377
0.75,-0.000972307687118822
0.751953125,-0.000145292110783553
0.75390625,-0.00181497996627686
0.755859375,-0.00131082849558386
0.7578125,-0.00153964752055734
0.759765625,-0.00157407452638978
0.76171875,-0.000235395833171702
0.763671875,-0.000978841323080867
0.765625,-0.00109733000857731
0.767578125,-0.000139550839708696
0.76953125,-0.000540489882560567
0.771484375,-0.0022992305226471
0.7734375,-8.12412835907534e-05
0.775390625,-0.00121981056139076
0.77734375,-0.00102690398914276
0.779296875,-0.000684131323247343
0.78125,0.000298220365468487
0.783203125,-5.45671846210405e-05
0.78515625,-0.000975559549774246
0.787109375,-0.00106249916310528
0.7890625,-0.00049959926032186
0.791015625,-0.0017519514623263
0.79296875,-0.00054432574847272
0.794921875,-0.000802804157859571
0.796875,5.65531687811985e-05
0.798828125,0.00117213020443255
0.80078125,0.00109923338190266
0.802734375,-0.00160527941913996
0.8046875,0.000814510161451436
0.806640625,-6.85449721342897e-05
0.80859375,-0.000996815554530188
0.810546875,-0.000433048002956395
0.8125,-0.00128640263659231
0.814453125,0.00033833568518461
0.81640625,0.000210627158435178
0.818359375,-0.000964043545505465
0.8203125,0.000120576515700644
0.822265625,0.00109940632597352
0.82421875,0.000900691316810081
0.826171875,0.000941511339197861
0.828125,4.23957661455779e-05
0.830078125,-0.000200802851928225
0.83203125,0.00177807685016643
0.833984375,0.0002715797914159
0.8359375,0.00208849623527242
0.837890625,0.00035651576174277
0.83984375,0.000934074899990295
0.841796875,0.000824583799264329
0.84375,-0.00056133047949508
0.845703125,-0.00140830660840022
0.84765625,0.000729390830374936
0.849609375,-0.000817630441223855
0.8515625,0.00078800356887884
0.853515625,-0.00256913562865757
0.85546875,-0.00141094553360976
0.857421875,0.00130614467456138
0.859375,0.00156073585490495
0.861328125,0.00195501385443115
0.86328125,-0.00137408922892929
0.865234375,-2.00764904806248e-05
0.8671875,0.00177809990081229
0.869140625,-0.000167154747994428
0.87109375,-0.0007542434582072
0.873046875,0.000426214027700047
0.875,0.00105808668863932
0.876953125,-0.000277678855326027
0.87890625,0.00262865022056527
0.880859375,0.000645836968329503
0.8828125,0.00294165229789827
0.884765625,0.000344547352185885
0.88671875,0.000355276629324186
0.888671875,-0.000586273271809149
0.890625,-9.42941997645415e-06
0.892578125,-0.000170034776092227
0.89453125,0.000966283535337543
0.896484375,-0.00165392175285154
0.8984375,0.00138042024096216
0.900390625,0.000547160110591607
0.90234375,0.00166190645182523
0.904296875,0.00117040875535302
0.90625,0.0020050824167513
0.908203125,0.00092127979533003
0.91015625,-0.000942702914166081
0.912109375,7.23025571567325e-05
0.9140625,0.000745330851747264
0.916015625,0.00156066010115757
0.91796875,0.000176455118911436
0.919921875,-0.000720675271915728
0.921875,0.00025572802802593
0.923828125,0.00115727343709056
0.92578125,-0.00135202438082242
0.927734375,0.00128745861575219
0.9296875,0.00123544322062289
0.931640625,-0.000641275087073278
0.93359375,-0.000923349164402806
0.935546875,-0.000845104481831721
0.9375,1.85536168177771e-05
0.939453125,-0.000832507785818885
0.94140625,-0.000145015058540087
0.943359375,4.84648980159356e-05
0.9453125,0.000437448916766439
0.947265625,0.000868754042072948
0.94921875,6.89222015261341e-05
0.951171875,-0.00204314985432244
0.953125,0.000943134857098456
0.955078125,-0.00269105913557875
0.95703125,0.00032062101532088
0.958984375,-0.000111801068270491
0.9609375,-0.000818714954124579
0.962890625,-0.00108157550812585
0.96484375,-5.40882525738408e-05
0.966796875,-0.00013611146487967
0.96875,0.00014085223241529
0.970703125,0.000928788977243008
0.97265625,-0.00066094010406636
0.974609375,0.000575531615858561
0.9765625,-0.00105382965261542
0.978515625,0.00201387817512881
0.98046875,0.0019087418786586
0.982421875,-0.00111248306389251
0.984375,0.00058447332580564
0.986328125,-0.000224714537749879
0.98828125,-0.00206557712848022
0.990234375,0.00154085317465234
0.9921875,-0.00137797625648016
0.994140625,0.00187120117640847
0.99609375,0.00055572877437691
0.998046875,0.000314430929140736
1,0.00089719101809436
1.001953125,-0.000392271677864932
1.00390625,0.000894079718625606
1.005859375,0.00255155204068364
1.0078125,0.00040217686584591
1.009765625,0.00157818771118609
1.01171875,-0.00216048514222812
1.013671875,-0.00064472578643948
1.015625,-0.000224825992340649
1.017578125,-0.000229857898387907
1.01953125,-0.00103159182196356
1.021484375,-0.00106935906204977
1.0234375,-0.00147433238538952
1.025390625,-0.000106628720523928
1.02734375,-0.000757223402274916
1.029296875,-0.00112704584160615
1.03125,-0.00166127732926575
1.033203125,0.00065611308530456
1.03515625,0.000344392840157498
1.037109375,-0.00139424023383574
1.0390625,0.00221688858097946
1.041015625,0.000850045613072031
1.04296875,0.000544284447312582
1.044921875,-0.000378330406264817
1.046875,0.000780095914686515
1.048828125,0.00167030720652193
1.05078125,-0.00168738514446561
1.052734375,0.000628299772463684
1.0546875,-0.000466589158635386
1.056640625,7.6051881067492e-05
1.05859375,0.00131182124600728
1.060546875,-0.00109865995237807
1.0625,-0.00140638180240325
1.064453125,-2.07054679660284e-05
1.06640625,0.000640992139962214
1.068359375,-0.000525990001017793
1.0703125,0.000936132566184793
1.072265625,0.00169551359497865
1.07421875,-0.000823281475025505
1.076171875,6.14639688077412e-05
1.078125,0.000528459322700668
1.080078125,0.000594602870953732
1.08203125,0.000497787500850817
1.083984375,0.000316765472183034
1.0859375,-0.000413674376616562
1.087890625,0.0012465997167027
1.08984375,0.0021614557279691
1.091796875,0.00108091367838961
1.09375,0.00160042263755235
1.095703125,0.000292273564752043
1.09765625,0.000614034667696609
1.099609375,0.000887539217184347
1.1015625,-0.000221097224286516
1.103515625,9.00863693880954e-05
1.10546875,0.00163848942249534
1.107421875,0.000824685316378058
1.109375,-0.000479504668145809
1.111328125,0.000195136276062525
1.11328125,0.00285992059230025
1.115234375,0.000736129998133739
1.1171875,-0.000104017539554971
1.119140625,0.0018433640791894
1.12109375,0.00152545367907639
1.123046875,0.00174713370445805
1.125,0.000231741872943339
1.126953125,0.00225418151693976
1.12890625,0.0031070311615132
1.130859375,-0.000794889343982187
1.1328125,-0.00161563691030019
1.134765625,0.00084213559454262
1.13671875,0.00153415424328832
1.138671875,0.000838339531684738
1.140625,-0.000415361951932328
1.142578125,0.0039558860537717
1.14453125,0.00220049269103795
1.146484375,0.00185223330118624
1.1484375,-0.0013885641940963
1.150390625,0.00199733405014455
1.15234375,4.18373934414898e-05
1.154296875,0.00204912577070985
1.15625,0.000568219126923815
1.158203125,0.000884629362922811
1.16015625,-0.000982166766407547
1.162109375,0.00194653710502866
1.1640625,0.000450364333550085
1.166015625,-0.000281084785034436
1.16796875,0.00074170798746193
1.169921875,0.000332535524845195
1.171875,0.00177331549256312
1.173828125,0.0016306026268844
1.17578125,-0.00101124194703119
1.177734375,0.00194612382695992
1.1796875,-0.000616133655438093
1.181640625,0.00134694919327275
1.18359375,0.000447495286001207
1.185546875,-0.00106789798420256
1.1875,0.00163796497759663
1.189453125,-0.000390863136097618
1.19140625,0.00231723761461178
1.193359375,0.000936860306647672
1.1953125,0.000996777783710964
1.197265625,-0.00013497048896687
1.19921875,0.00090985653989027
1.201171875,0.000665818823695531
1.203125,0.000257984105798202
1.205078125,0.000453914188846302
1.20703125,-0.00172777328049326
1.208984375,-2.97690072888914e-05
1.2109375,-0.000611393106063456
1.212890625,0.00060541735279417
1.21484375,-0.0005207866745884
1.216796875,-0.000984172974285673
1.21875,0.000188965353751696
1.220703125,0.0011684567982636
1.22265625,-0.00143365978641221
1.224609375,0.000475501986380508
1.2265625,0.00106695793978211
1.228515625,0.000134429787006417
1.23046875,-0.00161829600190834
1.232421875,-3.392820041325e-07
1.234375,-0.000248053911436771
1.236328125,-0.00173054957919773
1.23828125,8.37639374002907e-05
1.240234375,-2.36686317869196e-05
1.2421875,8.3050165462996e-07
1.244140625,-0.00263353979615994
1.24609375,-0.000419956969423995
1.248046875,0.00159637097053968
1.25,-0.00157207410018354
1.251953125,-0.00198970600417903
1.25390625,-0.00117564049718381
1.255859375,0.00109949921245908
1.2578125,1.77381006944003e-05
1.259765625,-0.00108303944899106
1.26171875,0.00114450987643004
1.263671875,-0.00106616802669398
1.265625,0.000856842117863349
1.267578125,-0.000907777964980583
1.26953125,-0.000306154811734787
1.271484375,-0.000308588171789333
1.2734375,-0.000698281458763157
1.275390625,-0.000582454508769603
1.27734375,0.000770218027227548
1.279296875,0.000417911161690884
1.28125,-0.0013755764004328
1.283203125,-0.000471866612260373
1.28515625,-0.000625799001944549
1.287109375,0.00131879842461443
1.2890625,0.00121819150323734
1.291015625,-0.000551225888792165
1.29296875,0.00101893470649071
1.294921875,8.04357637708051e-05
1.296875,0.000150129937998304
1.298828125,0.000724439408395727
1.30078125,0.000771637385521994
1.302734375,0.000580973685370733
1.3046875,0.000208098686775029
1.306640625,0.000899270105299971
1.30859375,-0.00311334773913663
1.310546875,-0.00221215277900429
1.3125,0.000637359248555835
1.314453125,-0.00118734571485076
1.31640625,-0.000128834938961149
1.318359375,-0.000284766002281729
1.3203125,0.000153743805746547
1.322265625,0.00116666965679316
1.32421875,-0.00027339471818337
1.326171875,-0.000509183505247134
1.328125,-0.000349782035275724
1.330078125,-0.000902190706401576
1.33203125,0.000824088499596923
1.333984375,0.000969050523179834
1.3359375,0.000172653457971562
1.337890625,-0.000880190768796305
1.33984375,-0.000765552557017821
1.341796875,0.00128543383180087
1.34375,0.000519823090455913
1.345703125,-0.00114208899210943
1.34765625,-0.00151214671703588
1.349609375,-0.000796505903872556
1.3515625,0.000614381391388648
1.353515625,-0.00115914657788105
1.35546875,0.000701637077603763
1.357421875,-0.0013201777828515
1.359375,-0.000155967660017113
1.361328125,0.000228306851102375
1.36328125,-0.00276157761562336
1.365234375,0.00117331733551487
1.3671875,-0.000835766605458135
1.369140625,0.000643914971257594
1.37109375,-0.000170859769143041
1.373046875,0.00110197480981936
1.375,-0.00103166622155
1.376953125,0.000748025598882266
1.37890625,0.00041694152017325
1.380859375,-0.000685011661433619
1.3828125,0.000174394447615803
1.384765625,-0.00127713186511284
1.38671875,0.00138987455844429
1.388671875,-0.00121815883309759
1.390625,0.00128653744368499
1.392578125,0.000599109115322544
1.39453125,0.00307389083413946
1.396484375,0.000484545160485004
1.3984375,0.000621079109148949
1.400390625,0.000194518630800048
1.40234375,7.87963543159811e-05
1.404296875,0.000235315329179108
1.40625,0.00168658716166543
1.408203125,0.000784419462479525
1.41015625,0.000329961619825589
1.412109375,-0.000318685781944353
1.4140625,-0.000301917044856935
1.416015625,-0.000976501273342903
1.41796875,-0.000166008101945299
1.419921875,-0.00107480096504502
1.421875,-0.000927816021392388
1.423828125,-0.000856795359432383
1.42578125,-0.000516230483900225
1.427734375,-0.00247631384953787
1.4296875,0.00135829872176818
1.431640625,0.0013512953841868
1.43359375,-0.00140471131935961
1.435546875,0.000583134521898606
1.4375,0.00175250094979606
1.439453125,-0.00107916177386455
1.44140625,0.00115641045221884
1.443359375,0.000534611173614455
1.4453125,-0.00140582448305965
1.447265625,-0.00176296264320526
1.44921875,4.30659647634789e-05
1.451171875,-0.0011148232320731
1.453125,-0.00145227651636581
1.455078125,-0.00119682803322633
1.45703125,-0.00203747072867739
1.458984375,3.58122304996471e-05
1.4609375,-0.000377604897594741
1.462890625,-0.001990095021021
1.46484375,-0.00102546715914398
1.466796875,-0.00141218791905896
1.46875,1.53883739000963e-05
1.470703125,0.000365244334209508
1.47265625,-0.000679175220973972
1.474609375,-0.00113559740961783
1.4765625,-0.00171221908290611
1.478515625,0.000646857735676224
1.48046875,-0.00130374688446237
1.482421875,-0.00095745551111303
1.484375,-0.000805477018211889
1.486328125,0.00170688032340529
1.48828125,-9.30429347750668e-05
1.490234375,-0.00177301711186525
1.4921875,0.000222406436494863
1.494140625,-0.000413913814191184
1.49609375,0.000745464766277814
1.498046875,0.000593068067374005
1.5,-0.00143641415204184
1.501953125,0.000312070073739096
1.50390625,-0.00125418565073914
1.505859375,-0.00149139168016525
1.5078125,4.45031439184598e-05
1.509765625,-0.000592099438551476
1.51171875,-0.000652219166745265
1.513671875,0.000429448859221472
1.515625,-0.0007661713330724
1.517578125,0.000124575037144283
1.51953125,-0.00139156922467476
1.521484375,-0.000359930545456381
1.5234375,-0.00150660278700015
1.525390625,-0.00186157119851991
1.52734375,0.000119799577261126
1.529296875,2.26907680657084e-05
1.53125,-1.87408724900345e-05
1.533203125,-0.000963100322610887
1.53515625,0.000618434507052865
1.537109375,-0.000994315106842742
1.5390625,0.000241212151572823
1.541015625,-0.00135190862151519
1.54296875,-0.00026030803107228
1.544921875,0.000453057751956482
1.546875,-0.000766983067752698
1.548828125,-0.00131767690248803
1.55078125,0.000152184978486871
1.552734375,-0.00110641146229465
1.5546875,-0.000561359371585808
1.556640625,-0.000531893643983666
1.55859375,-0.000302488540265704
1.560546875,-0.00135061507822487
1.5625,-0.000414425740869223
1.564453125,6.39263732669443e-06
1.56640625,-0.00105033008673568
1.568359375,-0.00127212223121499
1.5703125,-0.000913439441983179
1.572265625,-1.2240447429669e-06
1.57421875,0.000124155446652357
1.576171875,0.000117104667110935
1.578125,-0.00276222828536422
1.580078125,-0.000428499730991403
1.58203125,-0.00133106600368976
1.583984375,-0.000296534656518611
1.5859375,0.00133234205905639
1.587890625,-0.000739159105691767
1.58984375,0.000567237954967445
1.591796875,-0.000324885829299698
1.59375,1.74673925420133e-05
1.595703125,-0.000541496061456749
1.59765625,0.000403752836303952
1.599609375,-0.000465592699251027
1.6015625,0.000478241343282346
1.603515625,-0.000127625965725696
1.60546875,-0.0022439152064743
1.607421875,-0.000572873981075557
1.609375,-0.00118047908665778
1.611328125,-0.00258364156918621
1.61328125,0.000771069196085186
1.615234375,-0.00100889159902083
1.6171875,-0.000845734545894672
1.619140625,-0.000606340631666616
1.62109375,-0.000503773360204401
1.623046875,0.0009848365788232
1.625,-0.000818696174167428
1.626953125,0.000669314623516319
1.62890625,0.000424411179525045
1.630859375,-0.00170606611791346
1.6328125,0.000480949237914353
1.634765625,0.000556306031563861
1.63671875,0.00122087241137206
1.638671875,0.000141690490358834
1.640625,-0.000785588063999215
1.642578125,-0.00166737324803077
1.64453125,-0.00117009156682182
1.646484375,-0.00147238778815512
1.6484375,-0.00063877379921907
1.650390625,-0.00170409154414259
1.65234375,-0.00136540831267076
1.654296875,-2.01146487707815e-05
1.65625,0.000437137304454352
1.658203125,0.00249313040517978
1.66015625,-0.0013280150851294
1.662109375,-0.000319722706361056
1.6640625,0.000108435740020189
1.666015625,0.000679810831327743
1.66796875,4.06657935006294e-05
1.669921875,0.000468099932475713
1.671875,-0.000418440245684934
1.673828125,-0.000837803058031092
1.67578125,-0.000437978079626956
1.677734375,0.000154521216468876
1.6796875,-0.000795314209129371
1.681640625,0.00118911760144322
1.68359375,0.000490204089701287
1.685546875,0.0016766877838867
1.6875,-0.000632234941537433
1.689453125,-0.000246859540121552
1.69140625,-0.000391178787432862
1.693359375,-0.00212842968946564
1.6953125,-0.000808989703154163
1.697265625,-0.00269939712350674
1.69921875,0.00122361261753243
1.701171875,-0.000925034932845011
1.703125,-0.000708830615942721
1.705078125,-0.00126469819700169
1.70703125,-0.00231800614065398
1.708984375,0.000531254331986483
1.7109375,-0.000926212572185434
1.712890625,-0.00123499666818157
1.71484375,-6.8517156133248e-05
1.716796875,-0.00190196051629193
1.71875,0.000955740358824861
1.720703125,0.000114089357131208
1.72265625,-0.000127485507403947
1.724609375,0.000396725562619972
1.7265625,-0.00124259318698662
1.728515625,-0.00301143453007168
1.73046875,6.33636772643586e-05
1.732421875,-6.41568682979004e-05
1.734375,-0.000201710422395289
1.736328125,-0.000206753681102812
1.73828125,0.000210172011253612
1.740234375,-0.00037948190731256
1.7421875,0.000701817291013507
1.744140625,0.000152544063300833
1.74609375,-0.000882298820604361
1.748046875,0.00103210549863144
1.75,0.000212878818043247
1.751953125,0.00125217529942055
1.75390625,-0.000186266332932251
1.755859375,0.00128690850936996
1.7578125,3.16358841004931e-06
1.759765625,0.000198447108935076
1.76171875,1.99560284970839e-05
1.763671875,0.000498670288731748
1.765625,-0.00161191633778823
1.767578125,0.00127070066916482
1.76953125,-0.000152538130303535
1.771484375,-0.00083856303231138
1.7734375,0.000353248473295134
1.775390625,-7.30619725226581e-05
1.77734375,0.00080279178160687
1.779296875,-0.00154421773695184
1.78125,0.000207960632230004
1.783203125,-0.000673407217574733
1.78515625,0.000498173234384146
1.787109375,0.000339876495893166
1.7890625,0.000680912806990619
1.791015625,-0.000282069423908608
1.79296875,0.000879265589377119
1.794921875,-0.000584280142160123
1.796875,-0.000648856679388073
1.798828125,0.00130697512709456
1.80078125,-0.0026213306286683
1.802734375,0.00154563132443614
1.8046875,-0.000531312554318363
1.806640625,0.00070741638659396
1.80859375,-0.000416856711238978
1.810546875,0.00179829072876354
1.8125,0.000491521162698935
1.814453125,-0.000411903827028323
1.81640625,-0.000373382341530942
1.818359375,0.000315419633222477
1.8203125,-0.000195866869559189
1.822265625,0.00178030351040633
1.82421875,0.000228476427847803
1.826171875,-0.0011271808183284
1.828125,0.000241820006420038
1.830078125,0.00140315070598324
1.83203125,-0.000630292962313101
1.833984375,0.000667742324906241
1.8359375,0.00102539612992943
1.837890625,0.00182689898831668
1.83984375,0.00282872974731554
1.841796875,1.97502033114083e-05
1.84375,-0.00062576607259352
1.845703125,-0.000213507942485136
1.84765625,0.00062843711651778
1.849609375,-0.00056107712184579
1.8515625,0.00190151740964713
1.853515625,0.00036212786859795
1.85546875,-9.02518226108956e-05
1.857421875,0.000225567061163382
1.859375,-0.000519899240500097
1.861328125,-0.000500214344530769
1.86328125,0.000504529571346221
1.865234375,-0.000837232206872802
1.8671875,0.00187103001414086
1.869140625,-0.000469364583038774
1.87109375,-0.00120639571480293
1.873046875,-1.41716756984976e-05
1.875,0.00132357676769677
1.876953125,-0.000303960407883794
1.87890625,0.00255382890003093
1.880859375,0.00178925603630965
1.8828125,-0.00087859089300253
1.884765625,2.11336814537815e-05
1.88671875,0.00122157133254542
1.888671875,-0.00150715046600087
1.890625,-0.0014028028467803
1.892578125,0.000184274044848021
1.89453125,0.00152729453301224
1.896484375,-0.00183087307424109
1.8984375,0.00133123789780022
1.900390625,0.00161173021555686
1.90234375,0.000690715233342401
1.904296875,-0.00201113968249107
1.90625,0.0012289530116883
1.908203125,9.06473248653404e-05
1.91015625,-0.000527045750297021
1.912109375,0.000224839615325265
1.9140625,0.000394621591706644
1.916015625,0.000822837022432127
1.91796875,-0.00158343665715054
1.919921875,0.00150303509332002
1.921875,0.00211981660858513
1.923828125,0.00207450806179852
1.92578125,0.00068743763958532
1.927734375,0.000619227143345317
1.9296875,0.0015779413821847
1.931640625,0.00108632880992264
1.93359375,0.000594777781930614
1.935546875,0.00132812651527492
1.9375,-0.00178266236549323
1.939453125,0.00169387628968932
1.94140625,0.000530026656907316
1.943359375,3.29667505314596e-05
1.9453125,-6.72539266553272e-05
1.947265625,0.000135004422277376
1.94921875,0.00197625927951716
1.951171875,-0.000248791172353497
1.953125,0.00231963805614911
1.955078125,0.00122085381924485
1.95703125,0.000181454674468072
1.958984375,0.000254305122391364
1.9609375,-0.00130801140490795
1.962890625,0.000977253896446555
1.96484375,0.000510393543541613
1.966796875,0.00082640790734554
1.96875,0.00156351760948687
1.970703125,0.00073276660980291
1.97265625,0.0010805610901431
1.974609375,-0.0002478488994281
1.9765625,0.000985777653854986
1.978515625,-0.00112664874748519
1.98046875,-0.00147215307883776
1.982421875,0.00132978022299376
1.984375,0.0012948538731279
1.986328125,-0.00196726189361792
1.98828125,0.00107255305192588
1.990234375,-0.00107101151802796
1.9921875,0.000958536642421817
1.994140625,-0.000258628878723538
1.99609375,0.00162822156628267
1.998046875,0.00135269631243357
2,-0.00062379491802079
2.001953125,-0.00133423184199959
2.00390625,0.0019389062853817
2.005859375,-0.00105907556957287
2.0078125,8.1031390933943e-05
2.009765625,-0.000605270160554448
2.01171875,-0.00114926995676425
2.013671875,0.00142477085128882
2.015625,-4.90979748705342e-05
2.017578125,0.00058150364930134
2.01953125,-0.00200831323743333
2.021484375,0.000812469247498438
2.0234375,-0.00036186979978417
2.025390625,0.00200945218482294
2.02734375,0.00101797028525307
2.029296875,-0.000323267407690453
2.03125,0.00166677399368541
2.033203125,0.00036089156182181
2.03515625,-0.000247347403142843
2.037109375,-0.000296728562042226
2.0390625,-0.000291075301017101
2.041015625,-0.0013529699717166
2.04296875,-0.000770092998058153
2.044921875,-0.000721197394109812
2.046875,-0.000891984521962159
2.048828125,0.000694768826287611
2.05078125,0.000871731773466735
2.052734375,-0.000416095790994554
2.0546875,0.000433351177717908
2.056640625,-0.000503509569753282
2.05859375,0.000718870827219308
2.060546875,0.000600740426986912
2.0625,-0.000456208028897248
2.064453125,-0.000687583293667672
2.06640625,-0.000662226944221182
2.068359375,-0.000403489745580553
2.0703125,-0.00175498652585675
2.072265625,0.000373397473953981
2.07421875,0.000592852708307536
2.076171875,-9.72818674218285e-05
2.078125,-0.000805338686736549
2.080078125,0.000722817709733101
2.08203125,-0.000349152759888333
2.083984375,0.000540198489031167
2.0859375,-0.00120152916352971
2.087890625,0.000911770447015135
2.08984375,0.000982379068477122
2.091796875,-0.00047922090630961
2.09375,-0.000257805641706768
2.095703125,-0.000441310591631354
2.09765625,-0.00205607387384473
2.099609375,0.000873834417419472
2.1015625,-0.000198737274913354
2.103515625,0.000532830475063021
2.10546875,0.00067778118944902
2.107421875,0.000396831268974206
2.109375,0.000446812308665237
2.111328125,-0.000697325177820019
2.11328125,-0.00172134987150651
2.115234375,0.00136652965331851
2.1171875,-0.000750244878846383
2.119140625,-0.00298879885901096
2.12109375,0.00142186310285919
2.123046875,-0.00194691758949717
2.125,0.000154888012100541
2.126953125,0.000640381835179687
2.12890625,0.00149045741088789
2.130859375,0.000574865105084262
2.1328125,-0.00103636822819654
2.134765625,-0.00038109977218357
2.13671875,-0.000538411042681267
2.138671875,-0.000266976791001109
2.140625,0.000397486212070928
2.142578125,-0.00112647694715587
2.14453125,-0.00206049216883233
2.146484375,-0.00137790687898265
2.1484375,-0.00187636586717823
2.150390625,-0.00046055603162155
2.15234375,0.000879798304434492
2.154296875,0.000702192672304447
2.15625,-0.00185094691805972
2.158203125,0.00254239543719932
2.16015625,-0.000270975660289796
2.162109375,8.29191780892194e-05
2.1640625,-0.000698755470811719
2.166015625,-0.00202185700980117
2.16796875,0.000559357157046957
2.169921875,-0.00191896394195821
2.171875,-0.00124459948458564
2.173828125,-0.000320842381855398
2.17578125,0.000436127818373706
2.177734375,-0.00154737288469736
2.1796875,-0.000396054712801908
2.181640625,-0.000808940664997043
2.18359375,-0.000716000635953645
2.185546875,0.0016329389782766
2.1875,-0.000459664159500148
2.189453125,0.000459319526489365
2.19140625,-0.000807435518388758
2.193359375,-0.000494363858011422
2.1953125,0.000650905674161156
2.197265625,0.00056701128942995
2.19921875,0.000581882758643886
2.201171875,-0.00100997347200333
2.203125,0.000324446358234804
2.205078125,-0.000325351530703057
2.20703125,-0.000195335852962575
2.208984375,0.000525004657624192
2.2109375,9.78707302052621e-05
2.212890625,0.000653783301053801
2.21484375,0.000366026376682792
2.216796875,0.00114294633089966
2.21875,-0.000485880170180232
2.220703125,-0.00081559684062787
2.22265625,-0.000340385296028603
2.224609375,-8.43790429325718e-05
2.2265625,0.000692152893680515
2.228515625,-0.000794117580931005
2.23046875,-0.00060758651833217
2.232421875,-0.00216745253182457
2.234375,-0.00163055338223881
2.236328125,0.0014573237497169
2.23828125,-0.00134702633251053
2.240234375,1.97520465457672e-05
2.2421875,0.000838990014472301
2.244140625,0.0006110662534969
2.24609375,0.000342828382763075
2.248046875,-0.000142352502439379
2.25,-0.000346964967295292
2.251953125,-0.000402178720644583
2.25390625,-0.00147538498219432
2.255859375,-0.0015835928482018
2.2578125,0.000646314889992042
2.259765625,-0.000422087167787722
2.26171875,-0.000894192014343953
2.263671875,-0.000424222218848484
2.265625,0.000707460447070717
2.267578125,0.0015701885285397
2.26953125,-0.00154589326596013
2.271484375,-0.000898746826763031
2.2734375,0.0016678941844394
2.275390625,-0.000178719457818347
2.27734375,0.00120516510275092
2.279296875,-0.000212910402228929
2.28125,0.000554091200810249
2.283203125,0.000344478905072461
2.28515625,0.000358289592335441
2.287109375,9.57585040585684e-05
2.2890625,-0.000808648823170979
2.291015625,0.00079492313582295
2.29296875,-0.000919853302388573
2.294921875,-0.00122836731888614
2.296875,-0.00106769912273909
2.298828125,0.000530038877025843
2.30078125,-0.00114204323842173
2.302734375,0.00109219347400781
2.3046875,-0.000712102963751583
2.306640625,0.00116133848243598
2.30859375,-0.000956757645739312
2.310546875,0.000579223990869408
2.3125,-7.9008696085234e-05
2.314453125,-0.00143092188638573
2.31640625,0.000839586044038108
2.318359375,0.000423935334889685
2.3203125,4.67275864942163e-05
2.322265625,0.000778843969142405
2.32421875,-0.000205591163886041
2.326171875,0.00139993070481964
2.328125,-0.000496286640211145
2.330078125,0.000419772728235249
2.33203125,-0.00203473313488543
2.333984375,0.00110012478326907
2.3359375,0.00097147013292763
2.337890625,-0.000213997910212012
2.33984375,0.000630394456486651
2.341796875,0.000923347500164353
2.34375,-0.00119169993750857
2.345703125,-0.00102954924737252
2.34765625,-0.000863352693766873
2.349609375,-0.00147602375512174
2.3515625,0.000503324732453297
2.353515625,-0.000646561299273154
2.35546875,0.000639102381619577
2.357421875,-0.000365101222134779
2.359375,0.00126209635201112
2.361328125,2.48021969349842e-05
2.36328125,-0.000460473696985459
2.365234375,0.000882011330552555
2.3671875,4.28271960060034e-05
2.369140625,-0.000877179762222355
2.37109375,-0.000492426780170129
2.373046875,0.00261862538719025
2.375,-0.000788056008927962
2.376953125,-9.10064835034687e-05
2.37890625,0.000549128085203971
2.380859375,-0.000108856815246658
2.3828125,0.00065682022880057
2.384765625,6.09285665332348e-05
2.38671875,-0.00137653842625778
2.388671875,-0.00069950009323822
2.390625,0.000532899236953057
2.392578125,0.000328663621126263
2.39453125,0.00136643956318562
2.396484375,-0.000798716689093127
2.3984375,-0.000324896046065336
2.400390625,0.00124130607548447
2.40234375,-0.00135619058167896
2.404296875,0.000232059851665172
2.40625,-0.000876956410211647
2.408203125,0.0013463123947569
2.41015625,0.000541864044651844
2.412109375,-0.00040800761298554
2.4140625,0.000985681217359734
2.416015625,0.00149320340721518
2.41796875,-0.00241415505088887
2.419921875,0.00194596858912224
2.421875,-0.000915479784024857
2.423828125,-0.00065846454988037
2.42578125,0.000972994932592691
2.427734375,0.000822035637083105
2.4296875,0.00198358028590179
2.431640625,-0.001461140840332
2.43359375,0.000599781455486613
2.435546875,-0.000520581652761605
2.4375,0.000438295239531838
2.439453125,0.000920400761026481
2.44140625,-0.000916850864940726
2.443359375,-0.000333968799680747
2.4453125,-0.000714675714940708
2.447265625,-0.00148109694666724
2.44921875,-0.000633676913524416
2.451171875,-0.000147318643626057
2.453125,0.00120663168668553
2.455078125,0.00154036032434118
2.45703125,0.000645885754081496
2.458984375,7.83320448072065e-05
2.4609375,-0.000796045949127318
2.462890625,5.91101276254435e-05
2.46484375,-0.000701327625243126
2.466796875,-0.000283586427659997
2.46875,-0.00085183440669504
2.470703125,-0.000928127520937361
2.47265625,-0.000707745951939472
2.474609375,-0.000450608091176787
2.4765625,-0.000240981318304768
2.478515625,-0.000265676629500089
2.48046875,0.000983249967731563
2.482421875,-0.00186111279958348
2.484375,-0.000587685324452106
2.486328125,0.000515787766800381
2.48828125,-0.00039566607894988
2.490234375,-0.00070897633339265
2.4921875,-0.00152840420982021
2.494140625,-0.000131961852847465
2.49609375,0.000150426684926891
2.498046875,-0.000721426940293399
2.5,0.000200358077925358
2.501953125,-0.000762208463893547
2.50390625,-0.000100369203075854
2.505859375,-0.00108136584847379
2.5078125,-0.000487339954862647
2.509765625,-0.00083519265981772
2.51171875,0.0008928488366181
2.513671875,-0.00128711635097901
2.515625,-0.000730129510378429
2.517578125,-0.000357780979325191
2.51953125,0.000495514428745566
2.521484375,-4.70073707557439e-05
2.5234375,-0.000823303217849243
2.525390625,-0.000155981454813553
2.52734375,0.00112893286335664
2.529296875,0.000267821661757241
2.53125,-0.000767805452838679
2.533203125,0.000749906959154798
2.53515625,-0.000188137252723221
2.537109375,0.00038657609649597
2.5390625,-8.06760481598016e-05
2.541015625,-0.000694502200881388
2.54296875,-0.000978295670184178
2.544921875,-0.000473286202976759
2.546875,0.00102608908647659
2.548828125,-0.00203672453115655
2.55078125,-0.000782677788521809
2.552734375,-0.00116670633142889
2.5546875,-0.00181766898862692
2.556640625,0.000563286040970789
2.55859375,0.000739619380513425
2.560546875,0.000267107788170626
2.5625,0.000810097232617108
2.564453125,0.000375654278701543
2.56640625,-0.00038069413511153
2.568359375,0.000347740973915709
2.5703125,-0.000703825601663488
2.572265625,-0.00131896578883197
2.57421875,-0.00202750741858012
2.576171875,0.000396035311002553
2.578125,0.00127171817105716
2.580078125,0.00100061719498533
2.58203125,0.00238183517303505
2.583984375,-0.00050891476595805
2.5859375,0.00167429927839567
2.587890625,-0.000964743410277623
2.58984375,-0.00194658400474829
2.591796875,-0.000213319162047442
2.59375,7.30441478491924e-05
2.595703125,0.000401450838451347
2.59765625,0.000967101760914369
2.599609375,0.000287471074238799
2.6015625,0.00069215550767252
2.603515625,-0.00144104036549312
2.60546875,-0.000391735625498895
2.607421875,-0.000284874906706445
2.609375,-0.000765524522339518
2.611328125,0.000401752170151789
2.61328125,0.00149058181682757
2.615234375,0.000753881494550273
2.6171875,-0.000593144797756761
2.619140625,-0.00146472130510586
2.62109375,-0.000568819036441733
2.623046875,0.00046390395544023
2.625,-0.00244201075472262
2.626953125,0.000370423973459532
2.62890625,0.000591167001672044
2.630859375,-0.000615473385109584
2.6328125,0.0021122848812831
2.634765625,-0.000363339711692458
2.63671875,0.00130204334929905
2.638671875,-0.000732410047250598
2.640625,-0.000108854728946393
2.642578125,-7.53957266434688e-05
2.64453125,-0.00120240428398134
2.646484375,0.000601849434803787
2.6484375,0.000699900855806552
2.650390625,0.000404563381553582
2.65234375,-0.000545519019652728
2.654296875,-0.000777780123800626
2.65625,-0.0014014285731512
2.658203125,-0.000833761008663388
2.66015625,-0.000867645508708311
2.662109375,-0.000304882760074671
2.6640625,-0.000667021332222687
2.666015625,-7.29921256812019e-05
2.66796875,0.00173179603867211
2.669921875,-0.000978843002941767
2.671875,-0.00254293130118648
2.673828125,0.000647581080013949
2.67578125,-0.00223229584486239
2.677734375,-0.000330182329822187
2.6796875,0.000867353040912285
2.681640625,0.000912423920414302
2.68359375,-9.91745692274086e-05
2.685546875,-0.000546193780484165
2.6875,-0.000100189869361348
2.689453125,0.000248650966121956
2.69140625,-0.00119854302319402
2.693359375,0.000561308511645904
2.6953125,0.00115094713423957
2.697265625,-0.00039214815404667
2.69921875,-0.00139763232480329
2.701171875,0.000447407767669421
2.703125,-0.000497983495929242
2.705078125,-4.24265791599855e-05
2.70703125,-0.00196046612709792
2.708984375,-0.000359009712383349
2.7109375,-0.000605467671408721
2.712890625,-0.000442655927775245
2.71484375,0.000432713251674303
2.716796875,-0.000852876703522516
2.71875,-0.000322009849323302
2.720703125,-0.000811289879939863
2.72265625,-0.000867638875996455
2.724609375,-0.000962719883580146
2.7265625,-0.00121194025858295
2.728515625,-0.000365415735783447
2.73046875,-0.00140643071569749
2.732421875,-0.0011285390917371
2.734375,-0.000315529079405444
2.736328125,0.000772068986333601
2.73828125,0.000142264898220709
2.740234375,-0.00105096545658833
2.7421875,0.000830871266788636
2.744140625,-0.000641381818591261
2.74609375,-0.00122311716567013
2.748046875,-0.00239746316767901
2.75,-0.00140219811606474
2.751953125,-0.00218058037908248
2.75390625,-0.000270494543782491
2.755859375,-0.00177566653348753
2.7578125,0.000234083830778523
2.759765625,-0.00126846456574102
2.76171875,-0.00048182882464225
2.763671875,0.00106199075634224
2.765625,-0.00105982595191496
2.767578125,-0.00151508834139326
2.76953125,-0.000201211994432321
2.771484375,-0.000985841045257746
2.7734375,-0.0007958625408832
2.775390625,-4.41212751327535e-05
2.77734375,-0.00107109352370403
2.779296875,-0.000750070067810972
2.78125,0.000406442403051445
2.783203125,0.000644260108810371
2.78515625,-0.000302716917260709
2.787109375,-0.00232961193199862
2.7890625,-0.000232602768321025
2.791015625,-0.00139426700719073
2.79296875,-0.000676137031216452
2.794921875,0.000504120365204377
2.796875,-0.000968506369548106
2.798828125,-0.000622230074786229
2.80078125,0.000525722438831683
2.802734375,0.00116658730878082
2.8046875,0.000705347317977854
2.806640625,7.86284063743354e-05
2.80859375,0.00188941093835694
2.810546875,-0.00181776033788293
2.8125,0.000547163258551605
2.814453125,0.00184626476330368
2.81640625,2.03602873505008e-07
2.818359375,0.000237215445241024
2.8203125,-0.000891313608466555
2.822265625,0.000213221097210136
2.82421875,-0.00010464554092587
2.826171875,0.000776083151701982
2.828125,-0.00177369773232189
2.830078125,-0.000468623335559482
2.83203125,0.000253183224751157
2.833984375,0.00096266354229731
2.8359375,-1.46457374587874e-05
2.837890625,-0.000927337499825441
2.83984375,-0.00244783026763366
2.841796875,-0.00119420419192721
2.84375,0.00130958050173075
2.845703125,-0.000768884392372833
2.84765625,0.000187760444538107
2.849609375,-3.43390171428796e-05
2.8515625,-0.000656980731528693
2.853515625,0.000464736045952606
2.85546875,-0.000829885785202113
2.857421875,0.000559778050367282
2.859375,-0.00105239575470545
2.861328125,0.00066269602589376
2.86328125,0.00111081720533521
2.865234375,0.0007930466238089
2.8671875,0.000572638803007795
2.869140625,0.000802014001686228
2.87109375,-0.0011510290802924
2.873046875,0.000467513098018028
2.875,-0.000121598112046806
2.876953125,0.000678262795374091
2.87890625,-0.000718277374783939
2.880859375,0.00101744322571701
2.8828125,0.000211411996077308
2.884765625,8.73790264215675e-05
2.88671875,0.000623177021423232
2.888671875,-0.000167990250861599
2.890625,0.000509230198658967
2.892578125,-0.00116395135359002
2.89453125,0.00115067472637237
2.896484375,-0.00162915442678976
2.8984375,0.000600021768648362
2.900390625,0.000310547101288343
2.90234375,-0.0001303744784018
2.904296875,0.00159808713274383
2.90625,0.00140237974540998
2.908203125,0.000905830937372223
2.91015625,0.00108979436493267
2.912109375,-0.000250755227636815
2.9140625,-0.00118795781497955
2.916015625,0.000671019660575993
2.91796875,-6.583180135959e-05
2.919921875,-0.000268172802641431
2.921875,-0.000568452129434107
2.923828125,0.000780278351744639
2.92578125,-0.000625844025583985
2.927734375,0.00163827418082601
2.9296875,0.000270868377110139
2.931640625,-0.00056421853755314
2.93359375,-1.16710549265112e-05
2.935546875,0.000636506957778884
2.9375,0.00214307090182639
2.939453125,0.000966731336973135
2.94140625,-0.000559805587851907
2.943359375,0.000247686297941371
2.9453125,0.000869486341115289
2.947265625,0.00113999616708999
2.94921875,-0.00107689521216562
2.951171875,-0.00029543509481288
2.953125,-0.000497285249219601
2.955078125,0.000836690788971077
2.95703125,0.000633625279741371
2.958984375,0.00130612450035243
2.9609375,0.000667204817820492
2.962890625,-0.00190831823949756
2.96484375,0.00132126141709262
2.966796875,0.000759370065677732
2.96875,0.00109856263617152
2.970703125,0.0008992750976715
2.97265625,0.000482702750245423
2.974609375,0.00100713480449125
2.9765625,7.07373415192028e-05
2.978515625,0.000927337239261108
2.98046875,0.00083218932317169
2.982421875,-0.000696556141988323
2.984375,0.000309472147454609
2.986328125,8.24734924510409e-05
2.98828125,0.00054087022137808
2.990234375,0.000457158261562497
2.9921875,0.000458554224804474
2.994140625,-0.000180105817967989
2.99609375,-0.000274906530157114
2.998046875,-0.00195012188431488
3,-0.000260236095553817
3.001953125,-0.000352252739166008
3.00390625,0.00105282579196562
3.005859375,0.00159211814656937
3.0078125,0.000874167926215063
3.009765625,-0.000387886970414039
3.01171875,-0.00179576606818573
3.013671875,-0.000772052711289012
3.015625,-0.00087554380361229
3.017578125,0.00120292443219339
3.01953125,-0.000598193850944505
3.021484375,0.000732116083628757
3.0234375,-0.000591786094064911
3.025390625,0.00123476445054245
3.02734375,0.00147525224827301
3.029296875,-0.000646353198928585
3.03125,0.000314961467150883
3.033203125,0.000797816664670517
3.03515625,-0.00109710234459567
3.037109375,-0.000327150571533122
3.0390625,-0.000695641563095569
3.041015625,0.00052728360134486
3.04296875,-0.00109774111213198
3.044921875,0.000729652631395359
3.046875,0.0024551870882015
3.048828125,0.000599313986054433
3.05078125,0.000246055742882881
3.052734375,0.000181530734655308
3.0546875,-7.03102389156205e-05
3.056640625,-0.000468274981638109
3.05859375,-0.00217985254408217
3.060546875,0.000404182401682245
3.0625,-0.00163217166440254
3.064453125,-8.92841253533156e-06
3.06640625,0.00105540863946635
3.068359375,-0.00167201807883351
3.0703125,-0.000255208740857983
3.072265625,0.00168906528432065
3.07421875,0.000945246225233512
3.076171875,0.000630516761852327
3.078125,-0.00143981150979802
3.080078125,0.00179470246820599
3.08203125,0.000781911630521193
3.083984375,-0.000292237983288776
3.0859375,0.000321330271903135
3.087890625,0.000539577648590056
3.08984375,-0.00158662100962905
3.091796875,-0.000898590206626906
3.09375,0.00128997931018225
3.095703125,-0.000382914828343779
3.09765625,-0.000128245913180302
3.099609375,-0.000415550030139484
3.1015625,0.000183042616804425
3.103515625,0.00169257579505499
3.10546875,-0.000334948151075468
3.107421875,-0.000321271622811641
3.109375,0.0010899647733132
3.111328125,-0.000466592492100855
3.11328125,0.00207673747611863
3.115234375,0.00159789299646028
3.1171875,0.00126503187231676
3.119140625,-0.000744995093150962
3.12109375,-0.0013621484892568
3.123046875,-0.000563329987743421
3.125,-0.00155843013637887
3.126953125,-0.000874171099344927
3.12890625,-0.000919711616271607
3.130859375,0.00033788509138335
3.1328125,0.000402964727992062
3.134765625,6.32538265761247e-06
3.13671875,-0.000129786367650575
3.138671875,-0.000527009517882184
3.140625,0.00081482719712097
3.142578125,0.000595997168662875
3.14453125,0.000932865218262312
3.146484375,0.000200266885302186
3.1484375,-0.000281868670347277
3.150390625,0.00258542918322827
3.15234375,-0.00058215296794731
3.154296875,-0.00059519853281678
3.15625,-0.000903547473866635
3.158203125,0.00020972692937654
3.16015625,0.000727159716771501
3.162109375,0.00105808292014487
3.1640625,2.48371148489794e-05
3.166015625,0.000120759405504288
3.16796875,0.000456664257743085
3.169921875,-1.31862212761987e-05
3.171875,0.000203092403294093
3.173828125,-0.000424923962154938
3.17578125,-0.00146526261638304
3.177734375,-0.000940955347786662
3.1796875,0.000224604377958844
3.181640625,0.000291815320518265
3.18359375,0.000118783738026957
3.185546875,0.00118372307108983
3.1875,-0.000852214502075975
3.189453125,0.00152082753273141
3.19140625,0.000786908281226257
3.193359375,0.00049838580969241
3.1953125,-0.000278078690735404
3.197265625,0.0004053744302534
3.19921875,-0.000694505459670607
3.201171875,0.00254537697477274
3.203125,-0.00204142344591879
3.205078125,0.00100069092928133
3.20703125,-0.000191452109430318
3.208984375,-0.00142325777412213
3.2109375,0.000663793491293415
3.212890625,0.000348569694080269
3.21484375,0.00014900861499809
3.216796875,-0.00091284272940129
3.21875,0.00043210077495391
3.220703125,-0.000233691977763936
3.22265625,-0.00113593385318926
3.224609375,0.000439856186726347
3.2265625,-0.00131363505405971
3.228515625,-0.000472222538690589
3.23046875,-0.00115095766616559
3.232421875,0.00126130284025286
3.234375,-0.00160951488585898
3.236328125,0.000199456723542518
3.23828125,0.000853805899154636
3.240234375,0.00130027500962641
3.2421875,-0.00183984816869927
3.244140625,0.00152115621617675
3.24609375,0.000434237938522836
3.248046875,-7.510835621888e-05
3.25,0.00025485554520515
3.251953125,-0.00221614650156713
3.25390625,0.0012788206382029
3.255859375,0.000961149016872123
3.2578125,-0.000296781100096271
3.259765625,-0.000706164701931858
3.26171875,0.000130368412563002
3.263671875,0.000679466988941295
3.265625,0.00129256252960782
3.267578125,-0.00144297240007488
3.26953125,-0.00181875562905963
3.271484375,0.000682131460569555
3.2734375,-0.000889262473940086
3.275390625,-0.00016497535062158
3.27734375,-0.00072358214944821
3.279296875,0.000470529646835157
3.28125,-0.000694887250187029
3.283203125,0.000468675478244399
3.28515625,-0.000116024797389979
3.287109375,-0.00251950343453249
3.2890625,-0.00153488482630447
3.291015625,8.13218679054925e-05
3.29296875,-0.00077382868848606
3.294921875,-0.00172088262520092
3.296875,-0.00163542705250828
3.298828125,5.55971154497147e-06
3.30078125,-0.000163356227976124
3.302734375,-0.00132961506303867
3.3046875,0.000106411381702081
3.306640625,0.00118190734729664
3.30859375,-0.00028508356432946
3.310546875,-0.000409597116228054
3.3125,0.000929374437441667
3.314453125,-0.000964332034618355
3.31640625,-0.000886803009734737
3.318359375,0.000769418633196464
3.3203125,0.00113753603874031
3.322265625,-0.00104561550655689
3.32421875,-0.00120891578220156
3.326171875,-0.000467190889795208
3.328125,0.00172670584482984
3.330078125,0.0016427064602112
3.33203125,-0.00164827118385279
3.333984375,-0.000330432065493281
3.3359375,-0.00135057050721878
3.337890625,5.0011008676946e-05
3.33984375,0.000747060456004558
3.341796875,-0.000864459415492726
3.34375,-0.00237953575614854
3.345703125,-0.000565480076103144
3.34765625,0.000232720263629194
3.349609375,-0.000732942633537572
3.3515625,-0.000321314464831228
3.353515625,-0.000500933853871612
3.35546875,0.000935980852027708
3.357421875,-0.000779127420413568
3.359375,-0.000706669116042996
3.361328125,0.000777843694939546
3.36328125,-0.000192415338625864
3.365234375,-0.00150720202424815
3.3671875,-0.00155648373796864
3.369140625,-0.00121479452256309
3.37109375,-1.25330894831402e-05
3.373046875,0.000285352306584641
3.375,-0.000970569163010322
3.376953125,-0.000997003555746909
3.37890625,-0.000287469974624594
3.380859375,0.000605201270914682
3.3828125,-0.00157226553051475
3.384765625,0.000497281094027474
3.38671875,-0.00052451561438452
3.388671875,3.40666679396807e-05
3.390625,-0.00132030867565565
3.392578125,-0.000608627474259299
3.39453125,-0.00142178506122286
3.396484375,-0.000170735985744539
3.3984375,0.00192355998405479
3.400390625,0.000943148712553863
3.40234375,0.00103527463894477
3.404296875,-0.00209632641554171
3.40625,-3.18960069519373e-05
3.408203125,-0.000933861580113194
3.41015625,-0.000429898445199807
3.412109375,-0.00162101435122713
3.4140625,-0.00127094944604302
3.416015625,-0.00424676741456752
3.41796875,-0.0016069119793137
3.419921875,-0.00047260647765192
3.421875,0.000227339794500702
3.423828125,0.00235338073618711
3.42578125,-0.000438508945907096
3.427734375,-0.000416811756492555
3.4296875,-0.000815929430280909
3.431640625,0.00048982659718704
3.43359375,-0.000996788347593655
3.435546875,-0.000697474195901363
3.4375,-0.00138982176388642
3.439453125,-0.00227608431209473
3.44140625,-6.8335807670235e-05
3.443359375,0.000802948615064021
3.4453125,-0.0010124647394775
3.447265625,0.000560955440014821
3.44921875,-0.00055310403161258
3.451171875,0.000927167584145531
3.453125,0.000543595697427248
3.455078125,0.000520280732431209
3.45703125,0.00177876286559856
3.458984375,0.000457268047754048
3.4609375,0.00140110755840046
3.462890625,3.43693685266898e-06
3.46484375,-0.0018687846465654
3.466796875,-0.00045364804765986
3.46875,0.0006546717798588
3.470703125,0.000306117555315892
3.47265625,0.00099139130326932
3.474609375,-0.0011182069906175
3.4765625,-0.000383732629437001
3.478515625,-0.00187442578674573
3.48046875,-0.00105414893449997
3.482421875,0.00188154451974905
3.484375,0.000588738050477025
3.486328125,0.00113737468745213
3.48828125,-0.000498699921131277
3.490234375,-0.00132674444954923
3.4921875,-0.00144282606065527
3.494140625,-0.00125244221138057
3.49609375,0.000153250266959185
3.498046875,-3.43136606125521e-05
3.5,0.000683648953397449
3.501953125,0.000304482763249051
3.50390625,-0.000816247875844969
3.505859375,0.00121849967287533
3.5078125,0.000110570791570875
3.509765625,0.00240516659097136
3.51171875,2.39090414091003e-05
3.513671875,0.00174752880609334
3.515625,0.00085215460626045
3.517578125,-0.000730150510528235
3.51953125,0.000557446238555259
3.521484375,0.000816082217243003
3.5234375,-0.00160878735000047
3.525390625,-0.00079147311970165
3.52734375,0.00110819101654396
3.529296875,0.00128391535973247
3.53125,0.000998497353860134
3.533203125,0.000741064480943637
3.53515625,-0.00190917145688148
3.537109375,-0.000271209747033113
3.5390625,-0.00115031803038605
3.541015625,-0.000487759230527655
3.54296875,-0.00117740645493284
3.544921875,0.00118815390637291
3.546875,0.000415612976648566
3.548828125,-0.000449542001749676
3.55078125,1.08538259274063e-05
3.552734375,0.00129630608637303
3.5546875,-0.000894864326914604
3.556640625,0.00194854376415001
3.55859375,0.000834809526667614
3.560546875,0.000188181373412946
3.5625,-0.000210023355178868
3.564453125,0.0017256606345706
3.56640625,-9.58630547733165e-05
3.568359375,0.0015563295615066
3.5703125,0.00319945564972717
3.572265625,0.000952709428757959
3.57421875,0.000960354591176662
3.576171875,0.00067378546234898
3.578125,0.00191889317589269
3.580078125,0.00200794391811845
3.58203125,0.00172802061059497
3.583984375,0.0003192263390455
3.5859375,0.000723030807315272
3.587890625,0.000508797183979754
3.58984375,0.000133138189562268
3.591796875,-0.000250083795469277
3.59375,0.000696113905394818
3.595703125,-6.63981409319981e-05
3.59765625,0.00229904894294663
3.599609375,0.00150347906605579
3.6015625,7.32684751434896e-05
3.603515625,0.0019519088025347
3.60546875,0.00167826284965944
3.607421875,-0.000821389459412769
3.609375,-0.000139303245609427
3.611328125,-0.000425780015936141
3.61328125,0.00209943073862945
3.615234375,-0.000126086995455703
3.6171875,0.000884930115629876
3.619140625,0.00138950414791662
3.62109375,0.000191807399231455
3.623046875,0.000486537860725553
3.625,0.0012734658298307
3.626953125,0.000827874653666629
3.62890625,-0.000111430318850206
3.630859375,0.000826735218385696
3.6328125,0.000303949122974749
3.634765625,0.00133231034840629
3.63671875,-0.000668747406107703
3.638671875,0.000822614549329175
3.640625,-0.00110472737583726
3.642578125,0.000559837142376188
3.64453125,-0.000181083680547629
3.646484375,-0.000270943818584743
3.6484375,0.00116313054746833
3.650390625,-0.000953679522880447
3.65234375,-0.00116679676168929
3.654296875,0.000605903081837422
3.65625,0.000326523373827776
3.658203125,5.61769369039623e-05
3.66015625,0.000104043199736708
3.662109375,0.000504307413061106
3.6640625,-4.08306754203167e-05
3.666015625,-0.000112585156360993
3.66796875,0.000694736027795171
3.669921875,-0.000131708760333991
3.671875,0.000345766731092047
3.673828125,-0.000461991492414559
3.67578125,-0.00108189619711032
3.677734375,-0.000224925586312504
3.6796875,-0.00077577119353342
3.681640625,-0.000650467113690782
3.68359375,-0.000540884144531556
3.685546875,8.36881078519984e-05
3.6875,0.00228491073761583
3.689453125,-0.000346029997372318
3.69140625,0.000903000807810128
3.693359375,-0.00051842118139852
3.6953125,-0.00125458457634054
3.697265625,-0.00103568064448093
3.69921875,-0.000422300250074943
3.701171875,0.0016113146976312
3.703125,0.000317849547483738
3.705078125,-0.000763867990004339
3.70703125,-0.00198188631257517
3.708984375,-9.62505181680816e-05
3.7109375,0.000445830115835407
3.712890625,0.000634836373842918
3.71484375,5.78489419949641e-05
3.716796875,-0.000643200386940714
3.71875,0.00116834110375837
3.720703125,-0.00055945671736084
3.72265625,-0.00313732568596313
3.724609375,-9.52785992712488e-05
3.7265625,-0.000750097440179859
3.728515625,-0.00209575896900516
3.73046875,0.000173276113086605
3.732421875,0.00153523737308873
3.734375,-9.97959870748949e-05
3.736328125,-0.00185412329274206
3.73828125,-0.00112131137713615
3.740234375,-0.00012908172567386
3.7421875,-0.00350676258690961
3.744140625,0.000718705030144694
3.74609375,-0.000624543301537491
3.748046875,-0.00238442895646621
3.75,0.000379752975497139
3.751953125,-0.000427384751587867
3.75390625,-0.000956219302995095
3.755859375,0.000578181544709157
3.7578125,-0.000386363901170636
3.759765625,-0.00130222332550843
3.76171875,0.000971652541527721
3.763671875,-0.000186223677877969
3.765625,0.00163708533481965
3.767578125,-0.00105781818890767
3.76953125,0.000523302312531401
3.771484375,-0.000680374979724849
3.7734375,0.00252515600357848
3.775390625,-0.000366497709653745
3.77734375,-0.000579181314040751
3.779296875,-0.000348429939122887
3.78125,0.00107663797113994
3.783203125,-0.0014925303953956
3.78515625,0.00156718718826615
3.787109375,-0.000273783994369186
3.7890625,-6.90085428944574e-05
3.791015625,-0.000123967872194284
3.79296875,0.00258030606355477
3.794921875,0.000522852876814737
3.796875,0.000632044383543405
3.798828125,-0.000898207327949404
3.80078125,0.000389997784333182
3.802734375,-0.00010636527229712
3.8046875,-0.000322447024560768
3.806640625,-0.00105971219898609
3.80859375,2.68147545346197e-05
3.810546875,0.0010816295370606
3.8125,-0.00130649489946329
3.814453125,-5.57956709913102e-05
3.81640625,-0.0004707458275231
3.818359375,-0.00111556884365053
3.8203125,-0.00236704307092824
3.822265625,-2.3511031384677e-05
3.82421875,-0.000992916760070002
3.826171875,0.000146940179123016
3.828125,-5.63922274219666e-05
3.830078125,0.000186036532162212
3.83203125,-0.000802744724316968
3.833984375,-0.00104424520892129
3.8359375,0.000830149871133975
3.837890625,0.000761133481283787
3.83984375,0.000757356233115652
3.841796875,-0.000108367988614401
3.84375,-0.00130651732649747
3.845703125,-3.30073427985894e-05
3.84765625,-1.10852827766472e-05
3.849609375,-0.000222950164607589
3.8515625,0.00154391218023048
3.853515625,-0.000181584777251034
3.85546875,2.48229109051907e-05
3.857421875,0.00170802432927307
3.859375,0.000931355703478832
3.861328125,-0.000400572088227388
3.86328125,0.00075389191770188
3.865234375,0.000776234133960268
3.8671875,0.00102893132655351
3.869140625,0.000667931045875072
3.87109375,-0.000867956656640343
3.873046875,-0.00104138402832913
3.875,-0.000792232513533722
3.876953125,0.000139514408393961
3.87890625,0.0005832141692089
3.880859375,0.000685800239141235
3.8828125,-0.00120209673183969
3.884765625,-0.00144060634181579
3.88671875,0.000549575554216876
3.888671875,0.000135735783699023
3.890625,-6.04429981859186e-05
3.892578125,0.000787543350461147
3.89453125,0.000678337811298605
3.896484375,-0.00146364220267744
3.8984375,0.00015206156084738
3.900390625,-0.000947458300201882
3.90234375,0.000298035022081308
3.904296875,-0.00100951410773054
3.90625,0.000312631931040395
3.908203125,-0.00199516851137609
3.91015625,0.000187827584732466
3.912109375,-0.000221925220174056
3.9140625,0.000169465035907152
3.916015625,-0.000518549256894521
3.91796875,-0.000151852499529104
3.919921875,-0.000151922396306027
3.921875,-0.000840051273153992
3.923828125,-0.00144169343709345
3.92578125,-0.000355716116092594
3.927734375,-0.000476382283839679
3.9296875,-0.000207805410269416
3.931640625,-3.62383749817931e-05
3.93359375,-0.000925683637337114
3.935546875,-0.000258513527100249
3.9375,-0.000794594893100995
3.939453125,-0.00177100175851274
3.94140625,-0.000424933915988395
3.943359375,-0.00175219212421183
3.9453125,0.000611685150761064
3.947265625,-0.0013780108078918
3.94921875,0.000450273986046188
3.951171875,0.00107868889983061
3.953125,0.000752023105859009
3.955078125,-0.000337361570037774
3.95703125,0.000390836351440096
3.958984375,-7.2904456671495e-05
3.9609375,-7.94404430149884e-05
3.962890625,-0.00139950671269573
3.96484375,0.000364153024891879
3.966796875,-0.000261141212055165
3.96875,-0.000698059062200598
3.970703125,0.00161272915289759
3.97265625,0.00141869380780991
3.974609375,-0.00100268089308476
3.9765625,0.000809382665938271
3.978515625,0.000291269286280158
3.98046875,0.000746183119248484
3.982421875,0.00136604048998969
3.984375,-0.0015414232384985
3.986328125,-0.000750337693263154
3.98828125,9.251507025448e-05
3.990234375,0.00115544701686287
3.9921875,0.00132234220170024
3.994140625,-0.00269129420299642
3.99609375,-0.000948379959315035
3.998046875,0.00163297724478691
4,0.00136550273647419
4.001953125,-0.00107871533514916
4.00390625,0.000368228779235596
4.005859375,0.00193496188499281
4.0078125,0.000250276785184857
4.009765625,-0.000616159493963818
4.01171875,0.000708443598923583
4.013671875,0.000752906482349939
4.015625,-9.59193760931268e-05
4.017578125,-0.000953539208697731
4.01953125,-0.000329735820585349
4.021484375,0.00183959230027461
4.0234375,0.00163809784794342
4.025390625,0.00159602747857659
4.02734375,-0.00180954205806829
4.029296875,0.00114703036527992
4.03125,0.000863869937272847
4.033203125,0.000482500695057024
4.03515625,-0.00131466901788131
4.037109375,0.00044513278754899
4.0390625,0.00127308754085754
4.041015625,-0.00125211051363897
4.04296875,0.000110462312285486
4.044921875,-0.00104195090175498
4.046875,0.000479923085858611
4.048828125,0.000283091458526237
4.05078125,-0.000476793793273758
4.052734375,0.000193234240669969
4.0546875,0.000829224437883279
4.056640625,-2.40461246023761e-05
4.05859375,0.00170437289158438
4.060546875,-5.93417478581118e-05
4.0625,-0.00215982525713889
4.064453125,0.00107948375162949
4.06640625,-1.10328888969128e-05
4.068359375,0.00242188945853595
4.0703125,8.70645500205751e-05
4.072265625,0.000551340351986078
4.07421875,0.00113975414512611
4.076171875,0.00123781022952441
4.078125,-0.000642305647793157
4.080078125,-0.000551023732514089
4.08203125,-0.00062985353518271
4.083984375,0.00106908657121262
4.0859375,0.00268420769619225
4.087890625,-0.00224026025121088
4.08984375,0.000407438174337695
4.091796875,0.000735671027980478
4.09375,0.00158159952661543
4.095703125,-0.000105978493754019
4.09765625,0.000938148823281633
4.099609375,0.00135982492990104
4.1015625,0.00171069742462325
4.103515625,-0.000190185466330632
4.10546875,0.000259863424849755
4.107421875,0.000812581711567879
4.109375,-0.00076375962848934
4.111328125,0.000308351718661821
4.11328125,-0.0014876315596798
4.115234375,-0.00179954275083891
4.1171875,0.000297738749853743
4.119140625,-0.000233218282708508
4.12109375,0.000319216124577771
4.123046875,-0.000871145817039189
4.125,-0.00224826162504669
4.126953125,0.000939106243970682
4.12890625,0.000274026533724613
4.130859375,-0.000506525397442306
4.1328125,-0.0020687598100265
4.134765625,-0.000588510416239991
4.13671875,-9.36551089768743e-05
4.138671875,-0.00205857082605825
4.140625,-0.00010528843340704
4.142578125,5.69432650805945e-05
4.14453125,-0.000488744004267506
4.146484375,-0.00112065549396882
4.1484375,-0.00149940052353853
4.150390625,1.96229475494231e-05
4.15234375,0.00114819833493341
4.154296875,-0.00100552352879695
4.15625,-0.00150268035578129
4.158203125,-0.0014454725164174
4.16015625,-0.00146726193938734
4.162109375,-2.56828220276439e-05
4.1640625,0.00167133955920181
4.166015625,-0.00087792731795997
4.16796875,0.00130839158109188
4.169921875,-0.00139008393371258
4.171875,-0.000752203428678171
4.173828125,-0.000832035569949134
4.17578125,-0.000505757365557264
4.177734375,-0.000987446042679784
4.1796875,-0.000821955582207901
4.181640625,-0.00069429252579886
4.18359375,0.000202407793263638
4.185546875,-0.00042182551272365
4.1875,-0.000498014155029939
4.189453125,0.00066356765912031
4.19140625,-0.00112072479049421
4.193359375,-0.000522413664875086
4.1953125,0.00032396825448349
4.197265625,0.000785213242160874
4.19921875,0.000523263434702919
4.201171875,0.000474462272765317
4.203125,-0.00172501692528067
4.205078125,-0.00174920480767677
4.20703125,-0.00137227301193142
4.208984375,-0.000494525195558001
4.2109375,-0.00191649637902422
4.212890625,-0.00137974152696739
4.21484375,-0.000863618525511464
4.216796875,-0.000976772016370334
4.21875,-0.000185604276531305
4.220703125,-0.00100578335894107
4.22265625,-0.00209154997472715
4.224609375,-0.001656152464337
4.2265625,4.14347821515235e-05
4.228515625,-0.00035544519239558
4.23046875,-0.00123672786715738
4.232421875,-0.000923683076746852
4.234375,-0.000934306441155734
4.236328125,0.000368180664743695
4.23828125,0.00159472115305429
4.240234375,-0.000216599491885261
4.2421875,-0.000798770967902859
4.244140625,0.000381808862245106
4.24609375,-0.000154787080803787
4.248046875,9.29150928843793e-05
4.25,-0.000309563931716749
4.251953125,-0.000421391398069291
4.25390625,-0.000533688759704861
4.255859375,0.000566639111655708
4.2578125,-0.000182817081053091
4.259765625,-0.00085194717959341
4.26171875,0.000569057441876375
4.263671875,-0.00064993702155487
4.265625,-0.000443283248988563
4.267578125,0.00107015373578535
4.26953125,-0.000918755198313383
4.271484375,-0.000369314051961905
4.2734375,-0.00138495613887587
4.275390625,-0.000635960923972883
4.27734375,-0.00113245164366019
4.279296875,-0.00115842591804705
4.28125,0.00183234339199028
4.283203125,0.000571994020745922
4.28515625,0.000158612772499358
4.287109375,-0.000347215765230132
4.2890625,-0.000451276053312919
4.291015625,-0.00034010094107421
4.29296875,0.00162812457371633
4.294921875,-0.000825004427332264
4.296875,0.000410670821022841
4.298828125,-1.74148671509157e-05
4.30078125,0.00112025385857083
4.302734375,-0.00153605586476951
4.3046875,-0.000121325305686828
4.306640625,-0.00078951333104982
4.30859375,0.00240493415844375
4.310546875,-0.00119168373817008
4.3125,-0.000473814258591831
4.314453125,-0.0016266081525169
4.31640625,0.000748702653797677
4.318359375,-0.000321639112261945
4.3203125,0.000157364980636391
4.322265625,0.00186963459555096
4.32421875,-0.00100260080631388
4.326171875,0.000623341846416371
4.328125,0.00252492844706774
4.330078125,0.000452216471604254
4.33203125,0.000718227685952319
4.333984375,0.00043596272989039
4.3359375,0.00263967404835703
4.337890625,0.00136053672977437
4.33984375,0.00183663136349252
4.341796875,0.000286145605479796
4.34375,0.00193681511293179
4.345703125,0.000851441334610774
4.34765625,-0.000593742045360017
4.349609375,-0.000318760444413604
4.3515625,-0.000616908422593699
4.353515625,0.000246312498843938
4.35546875,-0.000989395411246074
4.357421875,-0.00178232833991825
4.359375,0.00120613619021
4.361328125,-0.000587184031509499
4.36328125,-0.000269619762222771
4.365234375,-0.000305412862450792
4.3671875,0.000669933107829652
4.369140625,-0.000599441891295106
4.37109375,9.44681503265999e-05
4.373046875,0.00117935025472197
4.375,-0.00114393725641821
4.376953125,0.000401100760767917
4.37890625,0.000817285416961899
4.380859375,0.000438848663954486
4.3828125,0.00086623235184369
4.384765625,-0.000621554301969926
4.38671875,2.57340292588588e-05
4.388671875,0.000534539260031205
4.390625,0.00175879907681342
4.392578125,0.000392980003942091
4.39453125,0.000865937216230939
4.396484375,-0.000162630196437954
4.3984375,0.00045698567946239
4.400390625,0.00103670330024381
4.40234375,-0.00114490247447166
4.404296875,0.00127890693887753
4.40625,0.000343971943988054
4.408203125,0.000466496383506675
4.41015625,0.000474948219174108
4.412109375,-0.000513268619019911
4.4140625,-0.000489584458270883
4.416015625,-0.000430516173852335
4.41796875,0.000720929594597574
4.419921875,-0.00186258974380096
4.421875,-8.0531426574367e-05
4.423828125,0.00355912311042845
4.42578125,0.000893123382347566
4.427734375,0.0010255137495978
4.4296875,-0.000303603911483033
4.431640625,-0.00150995626785864
4.43359375,0.000293855226343523
4.435546875,-0.000447635109213879
4.4375,0.00043830196498977
4.439453125,0.000151723255505683
4.44140625,-0.000493167462922998
4.443359375,-0.0012531788133915
4.4453125,-0.00109154418308037
4.447265625,2.43322720822316e-05
4.44921875,1.0283769069934e-05
4.451171875,-0.00154621901598283
4.453125,-0.000894206321957277
4.455078125,-0.000167623023250183
4.45703125,1.48113203821976e-05
4.458984375,0.000489564591224714
4.4609375,-0.000802553482534137
4.462890625,-0.000818161473536602
4.46484375,-0.000479292821194056
4.466796875,0.000136228359141515
4.46875,0.000829956211952145
4.470703125,-0.000692103016136643
4.47265625,0.00215304764390815
4.474609375,0.000121604274882056
4.4765625,0.000220910953234168
4.478515625,-2.94392375864341e-06
4.48046875,0.00134644609728576
4.482421875,-0.000245695882259676
4.484375,0.00175932064486987
4.486328125,-0.000118064725244395
4.48828125,0.000322472830127227
4.490234375,0.00030407827027145
4.4921875,-0.00194110864684395
4.494140625,0.00118318409221949
4.49609375,-0.00137912121043172
4.498046875,-0.000521494915607309
4.5,-0.000728177569808701
4.501953125,5.53644912129333e-05
4.50390625,0.000275729876009616
4.505859375,0.00147888314550758
4.5078125,-0.00254317983643393
4.509765625,-0.00135943085469484
4.51171875,-0.000294353908964062
4.513671875,-0.000162381652262508
4.515625,-0.00124263034141816
4.517578125,0.00231395624925554
4.51953125,-0.000940002168709334
4.521484375,0.000325091766088968
4.5234375,0.000292319662424914
4.525390625,-0.00275970164417496
4.52734375,-0.000876261239508081
4.529296875,0.000949511920857749
4.53125,0.00112630193445686
4.533203125,-0.00185102105973888
4.53515625,2.01146631860819e-05
4.537109375,-0.000279253166449119
4.5390625,-0.00065443192655829
4.541015625,-0.000153460568769127
4.54296875,-0.00173469382758901
4.544921875,-0.000503076529666483
4.546875,-8.75300939491058e-05
4.548828125,-0.000677628735505916
4.55078125,0.00134273662310988
4.552734375,-0.000514936123711222
4.5546875,-0.000652521371073279
4.556640625,-0.000726919913583557
4.55859375,-0.000105865794220417
4.560546875,-0.000873780439472718
4.5625,0.000144128007381287
4.564453125,-0.000396402726691702
4.56640625,-0.00216095532298355
4.568359375,0.00051988110291727
4.5703125,0.000759618409635403
4.572265625,-0.000668312476939872
4.57421875,-0.00117151251888179
4.576171875,0.000625606436859339
4.578125,-0.000343972198366752
4.580078125,-0.000825667642149274
4.58203125,-0.000527893762110163
4.583984375,-0.00102941936704375
4.5859375,-0.000738627740325443
4.587890625,-0.00097354273081171
4.58984375,-0.000711453428757725
4.591796875,-0.000596993161416877
4.59375,-0.00140584036527864
4.595703125,0.000601101689176383
4.59765625,-0.000558620514535882
4.599609375,-0.000492418417911707
4.6015625,0.00176452680160036
4.603515625,-0.000777695212299903
4.60546875,0.000557759894919615
4.607421875,-0.000324557303307149
4.609375,-0.000833518235351025
4.611328125,-0.000108017923455758
4.61328125,0.000251891719760508
4.615234375,-0.000861459560196805
4.6171875,0.000508513685945027
4.619140625,-6.5573298761037e-05
4.62109375,-0.00113996291461556
4.623046875,-0.000303494314206752
4.625,0.000536662664185289
4.626953125,9.95610822620418e-05
4.62890625,0.000162370511641218
4.630859375,-1.50934751379286e-05
4.6328125,0.000637085204631945
4.634765625,0.000794999386508298
4.63671875,0.000770052396395712
4.638671875,1.8702561225427e-05
4.640625,0.000211108392107976
4.642578125,-2.74898614917108e-05
4.64453125,-0.000270373909068988
4.646484375,-0.00017785434958276
4.6484375,-5.12587894492028e-05
4.650390625,0.000379374769545006
4.65234375,0.000464840498064987
4.654296875,-0.00012402216440584
4.65625,0.00226694589020805
4.658203125,0.000844169960375459
4.66015625,-0.000338789477398922
4.662109375,0.000142669491356539
4.6640625,0.00121319016505942
4.666015625,0.000864567971574171
4.66796875,0.00110887372205376
4.669921875,-0.00032873628520314
4.671875,0.000619339183570459
4.673828125,0.000112300233107933
4.67578125,-2.40538587310948e-05
4.677734375,-0.000324172274283168
4.6796875,-0.000299946535849729
4.681640625,-0.000204967095396123
4.68359375,0.000196161914271636
4.685546875,0.000784713880813444
4.6875,-0.00221980757046643
4.689453125,0.000857959778070429
4.69140625,-0.00211540224543567
4.693359375,-0.000437150601812166
4.6953125,-0.000977733694956919
4.697265625,-0.000299194345058349
4.69921875,-0.000477159687112657
4.701171875,0.000603434952580586
4.703125,0.00195247969140764
4.705078125,0.000445367062479988
4.70703125,0.00172640400131831
4.708984375,0.000225633397364066
4.7109375,0.000575963249640001
4.712890625,0.000766228918194385
4.71484375,-0.000181542756870038
4.716796875,0.000739199806151541
4.71875,0.00239273893340303
4.720703125,0.000564511647894898
4.72265625,-0.00042285802281113
4.724609375,0.000656334176652417
4.7265625,-0.000539106730792984
4.728515625,-0.00175832305831032
4.73046875,0.000658210666402622
4.732421875,0.00135055217003874
4.734375,0.00169410519022354
4.736328125,0.000797256177196822
4.73828125,0.00265007170744642
4.740234375,-4.6287908784037e-05
4.7421875,0.000861394406209878
4.744140625,-0.000763714589003059
4.74609375,0.000225143598819348
4.748046875,0.00159545586701427
4.75,0.00121885952612175
4.751953125,0.000305248176939842
4.75390625,0.000746152888848279
4.755859375,9.02431662786316e-05
4.7578125,0.000721895620228003
4.759765625,0.00188741053111744
4.76171875,0.000584503033293142
4.763671875,0.00114426650694032
4.765625,-0.00129075705990199
4.767578125,0.000873220327752716
4.76953125,-0.00012061159972484
4.771484375,0.000764424999412846
4.7734375,0.000153667571093839
4.775390625,0.000351464145411881
4.77734375,-0.00031589878401834
4.779296875,-0.000306187628681065
4.78125,0.000615512700178521
4.783203125,-9.91293313348329e-05
4.78515625,-0.000146939795392648
4.787109375,-0.00019766110153426
4.7890625,0.00116148185087504
4.791015625,-0.000414315492572811
4.79296875,0.00179786869327696
4.794921875,0.0013781914396721
4.796875,0.00139563661840373
4.798828125,-0.000223931222369392
4.80078125,-0.00200012561065212
4.802734375,0.00122595664952882
4.8046875,-0.00102301621064017
4.806640625,0.000769099012206156
4.80859375,0.000411297890634875
4.810546875,-0.000476683715335508
4.8125,0.00051265576694335
4.814453125,-0.000767473834218607
4.81640625,8.23751095134841e-05
4.818359375,0.000725516442153247
4.8203125,-0.000775500439619782
4.822265625,0.000246733504390098
4.82421875,-0.000729514936203128
4.826171875,-0.00139352380429705
4.828125,-0.000353887211552756
4.830078125,0.000840943979084708
4.83203125,-0.00060718561577065
4.833984375,-0.000433049528983461
4.8359375,-0.000634700087558619
4.837890625,0.000876147344434809
4.83984375,0.000291785836817875
4.841796875,0.000860676158253377
4.84375,0.000865076373319361
4.845703125,-0.00108946053414007
4.84765625,-0.00047895024040247
4.849609375,-0.000563727887382015
4.8515625,0.000625143311080105
4.853515625,-0.000383104902531064
4.85546875,0.00148683767851397
4.857421875,-0.000845008530837941
4.859375,0.00212401275305224
4.861328125,0.000341637465931126
4.86328125,0.000173544854424993
4.865234375,-0.0017964022985993
4.8671875,0.0022143028043061
4.869140625,-0.000557514549783262
4.87109375,0.00122627454184952
4.873046875,5.18762492499143e-05
4.875,0.000872910094464019
4.876953125,-8.07717711624418e-05
4.87890625,-0.00101329196749069
4.880859375,-0.000562645258209486
4.8828125,0.00082298486262281
4.884765625,0.00113560662470249
4.88671875,0.000328032721335169
4.888671875,0.000335336324473254
4.890625,-0.00134311531070552
4.892578125,0.00154152733613955
4.89453125,-5.87737562910319e-05
4.896484375,-0.00077224472993004
4.8984375,0.000992063519550431
4.900390625,0.00290126605367071
4.90234375,-0.000647143426101762
4.904296875,-0.000688307110251447
4.90625,0.000208509735170821
4.908203125,0.000577047011153832
4.91015625,0.00105353618081921
4.912109375,-0.00172506551319633
4.9140625,0.000848565954839697
4.916015625,-1.19183085200861e-05
4.91796875,-0.000624973756233567
4.919921875,-0.000290191805640036
4.921875,0.000260432604375159
4.923828125,-7.8376040099171e-05
4.92578125,-0.000884347077638094
4.927734375,-0.00417709205168214
4.9296875,0.000300097265293408
4.931640625,0.000580645604767618
4.93359375,-4.5938548136743e-05
4.935546875,-0.00122934698826421
4.9375,0.000577829021514298
4.939453125,-0.000456519328383222
4.94140625,-0.000190429156312326
4.943359375,-0.000878740627043918
4.9453125,0.000459262983064247
4.947265625,0.000883581411468453
4.94921875,-9.55643809268303e-05
4.951171875,-0.00110351301783601
4.953125,5.43412969548836e-05
4.955078125,-0.000607846733729976
4.95703125,0.000299703376553697
4.958984375,0.000131214608998448
4.9609375,-0.000434513932407366
4.962890625,-0.000679724406272504
4.96484375,0.000487374677723201
4.966796875,0.000269048631140303
4.96875,-0.000581854457112123
4.970703125,0.000457505875207901
4.97265625,8.22492162661393e-05
4.974609375,-0.00223132370238961
4.9765625,-0.000198912725699457
4.978515625,-0.00216479667634596
4.98046875,0.000786018933097073
4.982421875,-0.00039367705313582
4.984375,-0.000461378108836711
4.986328125,0.000719534414766935
4.98828125,0.000634344943443152
4.990234375,-4.1723409547405e-06
4.9921875,-0.00048918941392457
4.994140625,-0.00184427921166398
4.99609375,-0.000679248261873752
4.998046875,0.000866930329354839
5,-0.000572702832061874
