0,-4.02706985834552e-05
0.001953125,-5.91097333068897e-06
0.00390625,0.000240891856991828
0.005859375,0.000235583075991823
0.0078125,0.000331749872860706
0.009765625,0.000543314608815775
0.01171875,0.000290558174845996
0.013671875,0.000441702187899834
0.015625,0.000444649864631551
0.017578125,0.000685023806023074
0.01953125,0.000735915300636778
0.021484375,0.000794486952000043
0.0234375,0.000703487988610395
0.025390625,0.000846229163143812
0.02734375,0.00087653720122869
0.029296875,0.000856100927493944
0.03125,0.00098251325173853
0.033203125,0.000930085526227791
0.03515625,0.000787884543486327
0.037109375,0.000905416268479709
0.0390625,0.000962535104956859
0.041015625,0.000904589900180292
0.04296875,0.00101076810460109
0.044921875,0.000814513056848087
0.046875,0.000969862358938815
0.048828125,0.00100709237523139
0.05078125,0.000704458261495802
0.052734375,0.000832856164476229
0.0546875,0.000859299026136173
0.056640625,0.000727497227807037
0.05859375,0.000746836026533339
0.060546875,0.000674029566391408
0.0625,0.000369630666220917
0.064453125,0.000517332647756305
0.06640625,0.000563435760766704
0.068359375,0.000399781668546674
0.0703125,0.000610729793783452
0.072265625,0.000398235762960846
0.07421875,0.000340454763325154
0.076171875,0.000350891225154411
0.078125,0.000240317992231298
0.080078125,0.00021859994134186
0.08203125,1.12272975226716e-05
0.083984375,0.000109682351554873
0.0859375,-0.00018015876549844
0.087890625,-8.22268009179325e-05
0.08984375,-1.17091964669024e-05
0.091796875,-0.000439829812805952
0.09375,-0.000198857922825813
0.095703125,-0.000304257595252478
0.09765625,-0.000596161922494688
0.099609375,-0.000519643923691553
0.1015625,-0.000326981296140596
0.103515625,-0.000586512260069547
0.10546875,-0.00039811234983192
0.107421875,-0.000661675721319494
0.109375,-0.000553497315690597
0.111328125,-0.000555370537448399
0.11328125,-0.000531808644453393
0.115234375,-0.000782414890389099
0.1171875,-0.000641526922145808
0.119140625,-0.000900661300532284
0.12109375,-0.000750286539156669
0.123046875,-0.000869658335013945
0.125,-0.000660826172707953
0.126953125,-0.000476006202883243
0.12890625,-0.000525531060569307
0.130859375,-0.000552838959467656
0.1328125,-0.000588646133875911
0.134765625,-0.000560008708633591
0.13671875,-0.000528587736795457
0.138671875,-0.000510691970600697
0.140625,-0.000619459169727879
0.142578125,-0.000467037330690856
0.14453125,-0.000423910466739622
0.146484375,-0.000367287897970547
0.1484375,-0.000301450409962463
0.150390625,-0.000360078414766596
0.15234375,-0.000275596628111001
0.154296875,-0.000129243932266886
0.15625,3.83510516760879e-05
0.158203125,-0.000122801835961741
0.16015625,-0.000171331525826139
0.162109375,1.6725210791384e-05
0.1640625,-0.000198991650552923
0.166015625,-7.62496968833472e-05
0.16796875,-2.30360225319117e-05
0.169921875,8.86097995969355e-05
0.171875,-7.7044961656278e-05
0.173828125,-3.97957113283612e-05
0.17578125,0.000108440191542064
0.177734375,-2.62277486066848e-05
0.1796875,0.000217273243445757
0.181640625,0.000101122175235993
0.18359375,0.00029577096762021
0.185546875,0.000141452496314331
0.1875,0.000272391566538609
0.189453125,0.000228529458160235
0.19140625,0.000202462467557551
0.193359375,8.93881764433156e-05
0.1953125,0.000299405585208416
0.197265625,0.000316539500339704
0.19921875,0.000199839063779302
0.201171875,0.00022602532568239
0.203125,0.000221464497504629
0.205078125,6.10972765237692e-05
0.20703125,0.000164931113024003
0.208984375,0.000371683164631496
0.2109375,0.000150827366272907
0.212890625,0.000248654976110685
0.21484375,0.000128822512036626
0.216796875,-5.20580679704192e-05
0.21875,5.82949356834971e-06
0.220703125,0.000241543893259426
0.22265625,6.46778036894033e-05
0.224609375,3.88259879543957e-05
0.2265625,-7.21722714229637e-05
0.228515625,-1.1940495561523e-06
0.23046875,7.46016093417532e-05
0.232421875,0.000211149866606009
0.234375,-1.41327671559511e-06
0.236328125,0.000156686621191985
0.23828125,4.99956998019775e-05
0.240234375,3.25193583454313e-05
0.2421875,3.04939233776405e-05
0.244140625,6.89496986368266e-05
0.24609375,-0.000111905306330104
0.248046875,-9.00957577019467e-05
0.25,7.13518814675943e-05
0.251953125,-0.000222521221408653
0.25390625,0.000126504471500879
0.255859375,-9.59787981997605e-06
0.2578125,-3.05404560222216e-05
0.259765625,2.93792081319444e-05
0.26171875,7.78380343404683e-05
0.263671875,0.000205331291719372
0.265625,3.5149278329482e-05
0.267578125,7.01119025456751e-05
0.26953125,0.00017167215195217
0.271484375,0.000108400517232877
0.2734375,0.000112192774817656
0.275390625,0.000108973072368137
0.27734375,5.8626848735575e-05
0.279296875,5.88725401911218e-05
0.28125,7.95316368748797e-06
0.283203125,9.23083679732923e-05
0.28515625,0.00020398857603162
0.287109375,7.83351202625422e-05
0.2890625,6.29540324287612e-06
0.291015625,0.000118323881668707
0.29296875,0.000199169414595326
0.294921875,0.000273448928813988
0.296875,7.71391903683357e-05
0.298828125,-4.59724972352636e-05
0.30078125,0.000286854138608998
0.302734375,0.000115115559009663
0.3046875,8.62645119657196e-05
0.306640625,0.000152823914493256
0.30859375,0.000169901515944726
0.310546875,6.19446013275651e-05
0.3125,0.000149417393972894
0.314453125,1.31609705803809e-05
0.31640625,-0.0001887107543995
0.318359375,0.000243656732402894
0.3203125,0.000128263460466074
0.322265625,-2.69331367606328e-06
0.32421875,0.000244288619317428
0.326171875,0.000189423619487604
0.328125,0.000177108360960281
0.330078125,-1.52338131151081e-05
0.33203125,-2.33942038016442e-05
0.333984375,6.66796589758969e-05
0.3359375,2.8800025347599e-05
0.337890625,-0.000162517220985348
0.33984375,-0.000237623347686417
0.341796875,0.000131834495247044
0.34375,-0.000169457926826234
0.345703125,-0.000187530020665365
0.34765625,-6.04913250269268e-05
0.349609375,5.492575332387e-05
0.3515625,-1.81233000260819e-05
0.353515625,-0.000105508970617101
0.35546875,-0.000362615287208466
0.357421875,-0.000100063506928925
0.359375,-0.000255876564506658
0.361328125,-0.000236577351470368
0.36328125,-0.000235330937628303
0.365234375,-0.00026712730457396
0.3671875,-0.00026860489709599
0.369140625,-0.000347233737926686
0.37109375,-0.000201585811537946
0.373046875,-0.00027022519189847
0.375,-0.000175966222548292
0.376953125,-0.000384775732425257
0.37890625,-0.000178968666733241
0.380859375,-0.000141758682473877
0.3828125,-0.000123604368482664
0.384765625,-0.000310088202347478
0.38671875,-0.000222543947720663
0.388671875,-0.000443493510429261
0.390625,-0.000204506607440205
0.392578125,3.02080585355814e-05
0.39453125,-0.000107040981658521
0.396484375,-6.15968502066389e-05
0.3984375,-0.000317324167514268
0.400390625,-0.000175476454039215
0.40234375,-0.000184916702639241
0.404296875,-0.000115196697774313
0.40625,-0.000217041946205124
0.408203125,-5.48941443889984e-05
0.41015625,-7.93720040112911e-05
0.412109375,2.57807780852508e-05
0.4140625,-0.000239834163466884
0.416015625,6.26271741830113e-05
0.41796875,-2.66386079934663e-05
0.419921875,0.000188163707996385
0.421875,6.82207713878318e-05
0.423828125,5.50642360444982e-05
0.42578125,0.00018344894754258
0.427734375,0.000135779100950011
0.4296875,-0.000154778411560955
0.431640625,7.36980375926431e-05
0.43359375,0.000117369326564686
0.435546875,5.423009565848e-05
0.4375,0.000142100264798776
0.439453125,0.000144721905310675
0.44140625,7.33741445211169e-05
0.443359375,-3.81555881167162e-05
0.4453125,5.40263723922922e-05
0.447265625,0.000117981182224937
0.44921875,1.05476145688835e-05
0.451171875,0.000208712160674425
0.453125,-8.92610963353507e-05
0.455078125,0.000325426012818847
0.45703125,9.5255764373541e-05
0.458984375,4.46413644117126e-06
0.4609375,3.25841289731287e-05
0.462890625,0.000147749731600497
0.46484375,0.000164212073299515
0.466796875,1.76641199521126e-05
0.46875,-5.50761253640236e-05
0.470703125,-3.18559325460624e-05
0.47265625,-0.000156122420697491
0.474609375,0.000132954579705926
0.4765625,0.000136003165426371
0.478515625,7.66766112676126e-05
0.48046875,0.000113770882336479
0.482421875,4.38102786118987e-05
0.484375,-4.92919032750459e-05
0.486328125,0.000148028695331174
0.48828125,4.11460000685604e-05
0.490234375,-0.000201425543389883
0.4921875,0.000135312971859038
0.494140625,-3.17178371846688e-05
0.49609375,1.39559822435001e-05
0.498046875,-0.000175248595642488
0.5,-0.000130295032682403
0.501953125,3.65322661955039e-06
0.50390625,5.09892690919637e-05
0.505859375,-0.000191612899508157
0.5078125,-4.72797627464951e-05
0.509765625,-1.92763367765327e-05
0.51171875,-4.80472435330956e-06
0.513671875,5.53691995558157e-05
0.515625,-0.000153894368906824
0.517578125,1.6340674453367e-05
0.51953125,0.000107923540282126
0.521484375,-5.93840882305724e-05
0.5234375,-6.94176498590909e-05
0.525390625,-1.74814194665633e-05
0.52734375,1.53855864201736e-05
0.529296875,0.000135437041464678
0.53125,0.000145449485906799
0.533203125,8.6398234554725e-05
0.53515625,9.59768658013422e-05
0.537109375,3.98761121869316e-05
0.5390625,3.67138806609978e-05
0.541015625,-1.75894196723301e-06
0.54296875,0.000180592180797842
0.544921875,8.72642856967329e-05
0.546875,-3.33198545607949e-05
0.548828125,6.86121747729726e-05
0.55078125,0.000310855224931639
0.552734375,0.000116317983127341
0.5546875,9.52087005096082e-06
0.556640625,0.000159094439608445
0.55859375,0.000209520560286959
0.560546875,0.000177561121537212
0.5625,0.000150400468793879
0.564453125,0.000159964517168745
0.56640625,8.37094401881947e-05
0.568359375,-1.86241050731745e-05
0.5703125,-1.96322073762355e-05
0.572265625,4.60155255961567e-05
0.57421875,-6.56884965001466e-06
0.576171875,8.29991296333774e-05
0.578125,3.6297829326282e-05
0.580078125,-4.80952903755222e-05
0.58203125,0.000132056428011306
0.583984375,-1.9588602436197e-06
0.5859375,8.35281197678568e-05
0.587890625,0.000143814866185642
0.58984375,-0.000222833477603825
0.591796875,-0.000230125090329677
0.59375,-6.02249670006976e-05
0.595703125,-5.88016500004855e-05
0.59765625,-8.8969278684409e-05
0.599609375,-0.000101063158864047
0.6015625,-0.000212642007386994
0.603515625,-5.64032101304147e-05
0.60546875,-0.000120495520928345
0.607421875,-0.000148623771954658
0.609375,-0.000151073593558614
0.611328125,-1.85471080250828e-05
0.61328125,-0.000111154588696877
0.615234375,-0.000176694267141484
0.6171875,-0.000162334068397371
0.619140625,-0.0001944761656047
0.62109375,-4.12539339749429e-05
0.623046875,-0.000206289723868034
0.625,-0.000220370408128199
0.626953125,-5.04702745577716e-05
0.62890625,-0.000245740137341575
0.630859375,3.35740772710576e-05
0.6328125,-7.72762327514121e-05
0.634765625,-0.000101159112607387
0.63671875,0.000101310855815017
0.638671875,-0.000123792389994758
0.640625,-5.05024808053214e-05
0.642578125,-8.16911610637719e-05
0.64453125,-4.44375169660354e-05
0.646484375,-1.13290484887735e-05
0.6484375,-2.30411566612785e-05
0.650390625,-0.000117718939759128
0.65234375,-0.000108904607301488
0.654296875,-0.000118065274291147
0.65625,-2.9079109779209e-05
0.658203125,0.000292010801900545
0.66015625,-0.000156439126630554
0.662109375,-8.1180613928622e-05
0.6640625,7.63939408766262e-05
0.666015625,3.29433860678044e-05
0.66796875,0.000160841955758577
0.669921875,8.62848899240829e-05
0.671875,-4.03797545964217e-05
0.673828125,-5.96568488986707e-05
0.67578125,0.000102808994160309
0.677734375,7.03572665347865e-05
0.6796875,-6.73465298512968e-05
0.681640625,2.4983855244816e-05
0.68359375,6.98869737528024e-06
0.685546875,2.45817532427671e-05
0.6875,-2.50472709120202e-05
0.689453125,0.000167128312177887
0.69140625,0.000133394324240187
0.693359375,-8.5960743915854e-06
0.6953125,0.000107796253114912
0.697265625,-5.51663575066255e-05
0.69921875,-0.000219617145327486
0.701171875,9.46393165911849e-05
0.703125,0.000211943695853164
0.705078125,-1.1595638265121e-05
0.70703125,4.96571889274128e-05
0.708984375,-9.72509099913154e-05
0.7109375,0.000253591308476783
0.712890625,-6.47305410780899e-06
0.71484375,-4.84080315516207e-05
0.716796875,-0.000102987062796022
0.71875,-2.09300175798376e-05
0.720703125,3.99046519807815e-05
0.72265625,-0.000200702421274018
0.724609375,-7.17590307647068e-05
0.7265625,-6.72806903691223e-05
0.728515625,8.63007140411272e-06
0.73046875,-9.64165619616863e-05
0.732421875,-3.32496984673364e-05
0.734375,-7.80117132075077e-05
0.736328125,3.82198002830464e-05
0.73828125,0.000140543777888715
0.740234375,-7.33367733599838e-05
0.7421875,6.84082836539902e-05
0.744140625,0.000111840238105987
0.74609375,1.24099215609801e-05
0.748046875,-1.13017049096868e-05
0.75,0.000209768703117191
0.751953125,-0.00011015978253829
0.75390625,-2.94138582484019e-05
0.755859375,0.000162541675999889
0.7578125,2.24431225249812e-05
0.759765625,7.36147064375426e-05
0.76171875,-9.69241264064078e-05
0.763671875,9.7794627625285e-05
0.765625,-6.45810919819932e-06
0.767578125,-1.39819434234772e-05
0.76953125,-6.67653389947493e-06
0.771484375,6.90318665900705e-05
0.7734375,-2.98461191379892e-05
0.775390625,2.67566845171674e-05
0.77734375,9.8357346540744e-05
0.779296875,0.00030437821895577
0.78125,-2.53136671706785e-05
0.783203125,-8.289834263657e-05
0.78515625,8.33733221767677e-05
0.787109375,9.06626254713732e-05
0.7890625,-2.77279399826511e-05
0.791015625,8.78757237402559e-05
0.79296875,9.29360936424573e-05
0.794921875,-4.28795094409487e-05
0.796875,7.51562889419549e-05
0.798828125,3.23640017429987e-05
0.80078125,-9.168684036655e-06
0.802734375,-1.64781498116263e-05
0.8046875,6.32211583078885e-05
0.806640625,0.000103078880825351
0.80859375,0.000303831168915259
0.810546875,-3.49970555541349e-05
0.8125,0.000136928586904001
0.814453125,8.27391237856793e-05
0.81640625,0.000150127892098112
0.818359375,-6.84334258908223e-06
0.8203125,4.11159794805433e-05
0.822265625,1.80739714753343e-05
0.82421875,8.4697252210433e-05
0.826171875,-4.76483659447141e-05
0.828125,-5.51230243699576e-05
0.830078125,2.66703351208275e-05
0.83203125,6.49271764934744e-05
0.833984375,-8.49999975172675e-05
0.8359375,1.56806285921971e-05
0.837890625,-8.61754267178976e-05
0.83984375,4.12911395801614e-05
0.841796875,-0.000154721275189497
0.84375,1.92884468980978e-05
0.845703125,-2.53628854604738e-05
0.84765625,-0.000202796353404668
0.849609375,9.94715627617066e-05
0.8515625,-0.00017451791365352
0.853515625,6.95064411439749e-05
0.85546875,3.60477705169396e-06
0.857421875,-0.000121208226487184
0.859375,-4.91867562104634e-05
0.861328125,-6.54463942154871e-05
0.86328125,0.00010911258376268
0.865234375,-0.000183383703403933
0.8671875,-2.31743134879831e-05
0.869140625,-0.000152962105820038
0.87109375,-0.000252637485791378
0.873046875,-6.15549213748237e-05
0.875,-9.64155165850526e-05
0.876953125,6.60182744424296e-05
0.87890625,0.000184480810619773
0.880859375,-0.000150223501722314
0.8828125,-0.000136716829017954
0.884765625,-0.000232603677225057
0.88671875,-2.50573258070658e-05
0.888671875,6.99238834225234e-05
0.890625,-0.000100642843987401
0.892578125,1.67226128520563e-05
0.89453125,-9.43276250231395e-05
0.896484375,-6.26798158602297e-05
0.8984375,2.33874142551861e-05
0.900390625,-6.27832356339519e-05
0.90234375,-3.82389403994421e-05
0.904296875,-1.52925449587258e-05
0.90625,0.00012133596840799
0.908203125,-0.000231691785575909
0.91015625,-1.6177992555554e-05
0.912109375,-2.86394328743832e-06
0.9140625,3.24114888606091e-05
0.916015625,8.02010202971977e-05
0.91796875,-2.47376246563127e-05
0.919921875,5.56076823039747e-05
0.921875,0.000264255612292591
0.923828125,0.00015174847670245
0.92578125,-3.24322451137836e-05
0.927734375,-8.17477906580757e-05
0.9296875,-4.38027232194743e-05
0.931640625,-2.48382434335956e-05
0.93359375,-3.82345976326505e-05
0.935546875,-7.51112221814157e-05
0.9375,9.40385321799314e-05
0.939453125,0.000108433210041092
0.94140625,-8.15677889030466e-05
0.943359375,0.000170217500462587
0.9453125,0.000168130444410924
0.947265625,-6.21526852997178e-06
0.94921875,0.000144277082288978
0.951171875,-4.41365556734607e-05
0.953125,0.000131203454619636
0.955078125,1.08206407059316e-05
0.95703125,0.000125473824086503
0.958984375,-6.19011878126165e-05
0.9609375,-0.000141630425203689
0.962890625,5.85731499763679e-05
0.96484375,-5.75213299326259e-05
0.966796875,5.67602523899954e-05
0.96875,-4.35529513287814e-06
0.970703125,-0.000110562957241521
0.97265625,0.000191750915988966
0.974609375,-9.00707800396199e-05
0.9765625,-1.3070836340411e-05
0.978515625,-6.76841473542032e-05
0.98046875,0.000109080397309554
0.982421875,5.03333550612115e-05
0.984375,-0.00011539615651849
0.986328125,0.000152093818369431
0.98828125,5.28633986644449e-05
0.990234375,-0.000162686198625461
0.9921875,3.48231543785647e-05
0.994140625,2.54422653261241e-05
0.99609375,-6.77565276103124e-05
0.998046875,0.000221593067348672
1,4.0715449586639e-05
1.001953125,0.00021233569933444
1.00390625,-0.0001477719231777
1.005859375,-2.16688057280141e-06
1.0078125,0.000147868411224722
1.009765625,9.16682682171364e-05
1.01171875,-2.27041266967465e-05
1.013671875,8.11722023488355e-05
1.015625,-5.96451066181288e-05
1.017578125,0.00022376250991025
1.01953125,-0.000103674546670988
1.021484375,0.000102529607150939
1.0234375,-5.49146339940822e-05
1.025390625,-0.000101324898513532
1.02734375,-2.91137940718495e-05
1.029296875,6.58758313772532e-05
1.03125,0.000207024970553663
1.033203125,6.18517087128645e-05
1.03515625,-6.63186865922991e-05
1.037109375,0.000117795044081109
1.0390625,2.40912786725915e-05
1.041015625,0.000161989346828727
1.04296875,0.0001044013823356
1.044921875,-1.92405734298233e-05
1.046875,-6.59463755510442e-05
1.048828125,8.21721367027198e-05
1.05078125,-9.78699620431183e-05
1.052734375,3.26203701442844e-05
1.0546875,0.00025567308953617
1.056640625,-6.38612171289638e-05
1.05859375,2.87599867527254e-05
1.060546875,5.12769674948326e-05
1.0625,0.000155082778612152
1.064453125,-0.00018873892498722
1.06640625,4.54156431500361e-05
1.068359375,-9.58286094543026e-05
1.0703125,-0.000196744364104922
1.072265625,-4.43598453545257e-05
1.07421875,-3.24556933599441e-05
1.076171875,-9.10747593852813e-05
1.078125,-7.40119348411255e-05
1.080078125,8.90742465907881e-05
1.08203125,0.000166632373301228
1.083984375,-8.67760599163564e-05
1.0859375,2.08157817517758e-05
1.087890625,7.2186526754369e-05
1.08984375,-3.97595764577194e-05
1.091796875,0.000115922797387515
1.09375,0.000118412723536853
1.095703125,-0.000190303850740226
1.09765625,-9.60248113187314e-06
1.099609375,4.26682156289708e-05
1.1015625,-0.000120946772804509
1.103515625,-0.000266070381563549
1.10546875,-0.000209606540032655
1.107421875,-0.00011280901155082
1.109375,-5.91526091478461e-06
1.111328125,0.000151818858848292
1.11328125,-0.000219465495858152
1.115234375,8.1537900904508e-05
1.1171875,-6.10849135161544e-05
1.119140625,-9.66680887787367e-05
1.12109375,-3.50555110981226e-05
1.123046875,-0.000155319347199702
1.125,-0.000175706611975563
1.126953125,-5.15554069313171e-05
1.12890625,-6.26381764709795e-05
1.130859375,-0.000114456087425005
1.1328125,-5.6921879822342e-05
1.134765625,-6.35776340906234e-05
1.13671875,-0.000307016780622018
1.138671875,7.44339449541365e-06
1.140625,-0.000123405482121087
1.142578125,-0.000139885831799377
1.14453125,0.000105192748656608
1.146484375,-6.88210561030552e-05
1.1484375,-3.07764469986417e-05
1.150390625,5.94225658418136e-06
1.15234375,-3.5364188646034e-05
1.154296875,-9.03734239927732e-06
1.15625,-3.18699681820582e-05
1.158203125,-0.000116016844884204
1.16015625,6.09370052941635e-06
1.162109375,-0.000143529682618043
1.1640625,4.24756970501749e-05
1.166015625,8.18502299909846e-06
1.16796875,-1.10134237321556e-05
1.169921875,-5.90550440827028e-05
1.171875,3.07009969394379e-05
1.173828125,-5.6578036767576e-05
1.17578125,0.000212717210249891
1.177734375,6.74213902072118e-05
1.1796875,-1.5178545769839e-06
1.181640625,2.97989685019303e-05
1.18359375,6.11429818261199e-06
1.185546875,-3.63006007332756e-05
1.1875,0.000190293218064064
1.189453125,-8.21052799309145e-06
1.19140625,0.000241561591810188
1.193359375,6.09669431367581e-05
1.1953125,0.000125303536780711
1.197265625,1.65515344741369e-05
1.19921875,-9.49791280964123e-06
1.201171875,-5.28314113148424e-06
1.203125,1.99248087626062e-05
1.205078125,2.50068624416898e-05
1.20703125,4.82989296380163e-05
1.208984375,0.000131833146443487
1.2109375,-7.33857434355767e-05
1.212890625,0.000223426303985702
1.21484375,-4.1470980110143e-05
1.216796875,0.000149870673928012
1.21875,-0.000144872081175281
1.220703125,0.000167402467302144
1.22265625,4.5750372910728e-05
1.224609375,-7.78180533508528e-05
1.2265625,-4.54367756684033e-05
1.228515625,2.54891651507025e-05
1.23046875,0.000152956645510859
1.232421875,-4.792659205852e-05
1.234375,-8.16928677096214e-07
1.236328125,0.000168513917720877
1.23828125,6.81587643023664e-05
1.240234375,-8.10455789344579e-05
1.2421875,0.000128604041094218
1.244140625,4.71168699543842e-05
1.24609375,-8.29253742599502e-05
1.248046875,-2.6270425175661e-05
1.25,0.000201515123168446
1.251953125,9.12028287242678e-05
1.25390625,0.000112781477371445
1.255859375,0.000101032886676191
1.2578125,-0.000118738135596678
1.259765625,8.48070821929973e-05
1.26171875,1.42858789037463e-05
1.263671875,3.78375774392489e-05
1.265625,-0.000126450882465014
1.267578125,3.61706492342788e-05
1.26953125,6.80127090634257e-05
1.271484375,1.16082583928654e-05
1.2734375,0.000188931912898679
1.275390625,1.08420872126005e-07
1.27734375,-2.72059966163974e-05
1.279296875,0.000164627495388546
1.28125,3.54034842613589e-06
1.283203125,2.01454241363623e-05
1.28515625,7.57444460441264e-05
1.287109375,6.6127208842763e-05
1.2890625,0.000136665423425221
1.291015625,8.62621642289988e-05
1.29296875,0.000135728892361305
1.294921875,2.92828427390542e-05
1.296875,0.000269849223957282
1.298828125,-6.53723017560547e-05
1.30078125,8.50750749982316e-05
1.302734375,-8.97164691716835e-05
1.3046875,1.84608302183082e-05
1.306640625,0.000153457556602848
1.30859375,2.42292215361888e-05
1.310546875,-0.000135116849224733
1.3125,0.000135736721293542
1.314453125,-0.000244117919978195
1.31640625,9.02722889037172e-06
1.318359375,-6.85418052312806e-05
1.3203125,0.00033521610407707
1.322265625,6.72648955511616e-05
1.32421875,0.000181010475170624
1.326171875,-8.037861813776e-05
1.328125,-8.05323163889387e-06
1.330078125,0.000216557810083039
1.33203125,0.000118733724229068
1.333984375,-0.000173906707782012
1.3359375,-7.84871868793844e-05
1.337890625,-0.000157117089053619
1.33984375,0.000191782744561112
1.341796875,-8.99820315576591e-05
1.34375,-5.57198932818421e-05
1.345703125,-9.06109818728443e-07
1.34765625,7.73722153118362e-05
1.349609375,-2.97807727793909e-05
1.3515625,-1.29810001247471e-05
1.353515625,3.46999870154607e-05
1.35546875,-0.000176978166514923
1.357421875,-4.21436322518607e-05
1.359375,-0.000214932672147076
1.361328125,7.77450198953004e-05
1.36328125,-0.000142505520503981
1.365234375,-0.00028974298943459
1.3671875,-4.05252189494308e-05
1.369140625,6.92033107286411e-05
1.37109375,9.78363119981326e-05
1.373046875,-7.42617225074465e-05
1.375,-5.77149318616854e-05
1.376953125,-6.65127150289183e-05
1.37890625,5.74541712294269e-05
1.380859375,-2.84964985066977e-05
1.3828125,3.25018313625703e-05
1.384765625,-0.000190629224657148
1.38671875,1.46125639495159e-06
1.388671875,-0.000191512398443467
1.390625,0.000192445289366103
1.392578125,0.000104815334505569
1.39453125,0.000166727739640751
1.396484375,-2.89995207511971e-05
1.3984375,-0.000123310890838708
1.400390625,3.53351450005747e-05
1.40234375,2.38251754009105e-05
1.404296875,0.000147365870789883
1.40625,8.18799474386812e-06
1.408203125,3.58900346966422e-05
1.41015625,-2.25992560660314e-05
1.412109375,0.000132248765884187
1.4140625,0.000181202780208103
1.416015625,6.81652133087398e-05
1.41796875,0.000144203988029432
1.419921875,4.68317982782582e-05
1.421875,5.29836911168596e-05
1.423828125,0.000116693881609395
1.42578125,-7.02107990795538e-05
1.427734375,-0.000157621324344661
1.4296875,9.25641023268113e-05
1.431640625,0.000140318463279626
1.43359375,5.64916717411001e-05
1.435546875,9.8739530660853e-06
1.4375,2.71704646792111e-05
1.439453125,0.000230425097126216
1.44140625,1.81790860986546e-05
1.443359375,-6.90248818299586e-05
1.4453125,0.00011087081668523
1.447265625,-8.11841021173391e-05
1.44921875,0.000139701640635641
1.451171875,0.0002069673456631
1.453125,-9.21101110035099e-05
1.455078125,-1.61112550595631e-05
1.45703125,-6.74438162540667e-06
1.458984375,-0.000163963099517554
1.4609375,2.86143062507764e-05
1.462890625,0.000226184376026744
1.46484375,9.17410726732978e-05
1.466796875,-6.55884485311689e-05
1.46875,-7.64516378395741e-05
1.470703125,1.82531120151546e-05
1.47265625,1.33438940853458e-05
1.474609375,1.10587401196556e-05
1.4765625,-8.89463160751735e-06
1.478515625,-0.000122920993640794
1.48046875,7.61840601943213e-06
1.482421875,0.000112329304501857
1.484375,-0.00025830427770334
1.486328125,-3.99032849789193e-05
1.48828125,0.000111184179445768
1.490234375,-0.000143585417832466
1.4921875,0.000152241440997608
1.494140625,-3.98919218953422e-05
1.49609375,-3.84590857793922e-06
1.498046875,4.61076855209937e-05
1.5,8.12472521151521e-05
1.501953125,-6.07835097362386e-05
1.50390625,0.000102442636274742
1.505859375,5.80022377789147e-05
1.5078125,6.54645259607152e-06
1.509765625,0.000155463340824812
1.51171875,-0.000149946905443575
1.513671875,0.000180841796570932
1.515625,5.78529120606896e-06
1.517578125,-1.98113740693718e-05
1.51953125,0.00022579158667306
1.521484375,-3.5636292019524e-05
1.5234375,-0.000186772428672557
1.525390625,0.000172785358887996
1.52734375,-4.07393469814789e-05
1.529296875,0.000120366693415904
1.53125,5.16241238599769e-05
1.533203125,-0.000161838463689944
1.53515625,-8.71464286605173e-05
1.537109375,-4.20463348743007e-05
1.5390625,0.000143947059391341
1.541015625,1.55592203930748e-05
1.54296875,8.28914309834011e-05
1.544921875,0.00010389473955546
1.546875,2.23891315437358e-06
1.548828125,1.96936030859412e-05
1.55078125,-9.27675881649224e-05
1.552734375,3.07084832381718e-05
1.5546875,6.78974348844154e-05
1.556640625,-4.12481684735707e-05
1.55859375,0.000119673359653321
1.560546875,8.31476805116467e-05
1.5625,-0.00018008834003596
1.564453125,-1.21895801144736e-05
1.56640625,6.65288682472454e-05
1.568359375,-9.62111849668749e-05
1.5703125,1.0506780325861e-06
1.572265625,-0.000156984320412583
1.57421875,7.55128322556041e-05
1.576171875,0.00012609539121143
1.578125,-8.6710851078885e-06
1.580078125,-1.65610547290788e-05
1.58203125,5.20680470952381e-05
1.583984375,-7.96384365070876e-06
1.5859375,-0.000105713843891236
1.587890625,0.000113609978602156
1.58984375,-6.26192314428864e-05
1.591796875,-5.55839937498533e-05
1.59375,-8.40464812755464e-05
1.595703125,-1.18837055690678e-05
1.59765625,0.000111182333723533
1.599609375,-8.816001810273e-06
1.6015625,-0.000165230050904035
1.603515625,-4.8614635030574e-05
1.60546875,7.36454156155762e-06
1.607421875,-0.00015827825242108
1.609375,-0.000139484974262111
1.611328125,-0.000127849846328972
1.61328125,-3.49865458315776e-05
1.615234375,8.32767341139349e-05
1.6171875,5.61986020298309e-05
1.619140625,-6.59786892158793e-05
1.62109375,-2.34673710685958e-06
1.623046875,-0.000261502454130878
1.625,3.90394413560271e-05
1.626953125,-0.000102996395052057
1.62890625,-7.09311466610608e-05
1.630859375,-1.36609743695168e-05
1.6328125,-0.000275665569163212
1.634765625,3.66111748998059e-05
1.63671875,-9.2147202319881e-05
1.638671875,0.000146080464535722
1.640625,-0.000179945862215029
1.642578125,4.71315247219883e-06
1.64453125,1.24160582669066e-05
1.646484375,-3.41108052617469e-05
1.6484375,-0.000169375804065596
1.650390625,-0.000182715323467255
1.65234375,-0.000118973453515946
1.654296875,7.02758949211214e-05
1.65625,-6.92923526147325e-05
1.658203125,-2.34386700280841e-05
1.66015625,-0.00015459279960801
1.662109375,-7.937035641712e-06
1.6640625,-2.23216804842045e-05
1.666015625,-2.77042363702283e-05
1.66796875,2.74556353621745e-05
1.669921875,-0.000104879205002761
1.671875,5.13476454970762e-05
1.673828125,0.000172293046867584
1.67578125,0.000151089301512837
1.677734375,0.000162515737612897
1.6796875,-3.29370225305115e-05
1.681640625,3.34608697064684e-05
1.68359375,2.98964406871929e-05
1.685546875,-8.12176863323813e-05
1.6875,0.000106442927872579
1.689453125,0.000163756339257813
1.69140625,0.000262759028221695
1.693359375,-0.000128918599274406
1.6953125,-0.000104527615787732
1.697265625,-1.50398857873191e-06
1.69921875,-9.4669980172012e-06
1.701171875,0.000244558063390023
1.703125,1.66117080463568e-05
1.705078125,0.000111720270873642
1.70703125,-6.55824378575024e-05
1.708984375,0.000117924950245649
1.7109375,-0.000142639493593459
1.712890625,2.92816897094784e-05
1.71484375,7.6538970276337e-05
1.716796875,-6.45292279617999e-05
1.71875,4.45301272102528e-05
1.720703125,-1.98479864553059e-05
1.72265625,3.79339328628653e-06
1.724609375,6.79177294680855e-05
1.7265625,4.29361975525413e-05
1.728515625,-0.000133849754605874
1.73046875,1.21838686706343e-05
1.732421875,-2.99457241222877e-05
1.734375,-6.4520752992506e-05
1.736328125,0.000184136476870911
1.73828125,-0.000103187057287457
1.740234375,-3.81422359036099e-05
1.7421875,-0.000104354441127347
1.744140625,-8.47464369024298e-05
1.74609375,2.25287353777712e-05
1.748046875,-5.19674311890684e-05
1.75,0.00015533758275817
1.751953125,6.50017169977462e-05
1.75390625,-5.04478306045775e-05
1.755859375,0.00011990545408978
1.7578125,-0.00028116957669757
1.759765625,1.58593421410617e-05
1.76171875,-0.000112135553522942
1.763671875,-7.4519824845476e-05
1.765625,-6.34806144368185e-05
1.767578125,-4.71891110631582e-05
1.76953125,-4.93776173337113e-05
1.771484375,9.83434926689308e-05
1.7734375,-5.1092633366718e-05
1.775390625,-7.77107725155606e-05
1.77734375,0.000119611219831123
1.779296875,-7.46693744584514e-05
1.78125,0.000160679003821413
1.783203125,7.43805989447496e-05
1.78515625,5.07320917798466e-05
1.787109375,0.000162730269363801
1.7890625,-0.00011483949236527
1.791015625,-1.60262931317349e-06
1.79296875,0.000191782832210974
1.794921875,-0.000139170830710115
1.796875,-0.000125614533641149
1.798828125,0.00017442230450038
1.80078125,0.000168662966257328
1.802734375,-4.90942289999971e-05
1.8046875,0.000143437641060978
1.806640625,-8.26641183048594e-05
1.80859375,2.86133432630879e-05
1.810546875,0.000103890981546349
1.8125,8.53042137334639e-06
1.814453125,0.000104212155830974
1.81640625,-1.21761539952426e-05
1.818359375,-0.000106904818000083
1.8203125,5.23856513120759e-05
1.822265625,-4.16793712270615e-05
1.82421875,2.97401552302349e-05
1.826171875,7.63884446656025e-05
1.828125,-0.000210919011654381
1.830078125,7.97234595094627e-05
1.83203125,-3.79007975082201e-05
1.833984375,-6.51514019362201e-05
1.8359375,-0.000175114666046988
1.837890625,-5.30640208363588e-05
1.83984375,0.000132559126121708
1.841796875,0.000107685699946624
1.84375,-8.21108144552224e-05
1.845703125,-5.66575689502188e-05
1.84765625,0.000125184150479308
1.849609375,8.3341899877851e-05
1.8515625,4.82554689815453e-06
1.853515625,6.23074942787047e-05
1.85546875,3.63912935575412e-05
1.857421875,0.000180811885931915
1.859375,0.000121554685458848
1.861328125,-0.000108882559468143
1.86328125,-2.93945633733445e-05
1.865234375,5.34145832037424e-05
1.8671875,-8.75517069531549e-05
1.869140625,-0.00012279743988986
1.87109375,4.30052379549969e-05
1.873046875,5.40384347313069e-05
1.875,-0.000139037586489279
1.876953125,1.1927477581174e-05
1.87890625,-0.000181880418780303
1.880859375,-4.04070521489531e-05
1.8828125,-1.0393320655354e-05
1.884765625,7.39562614338553e-05
1.88671875,-0.000162745341301013
1.888671875,-3.973255439682e-06
1.890625,1.89114007877162e-05
1.892578125,7.10232098071688e-05
1.89453125,-6.18710504572537e-05
1.896484375,1.08480645291277e-05
1.8984375,5.30652104001553e-05
1.900390625,-6.0092173586749e-05
1.90234375,-1.17157270084001e-05
1.904296875,0.000141396057616013
1.90625,5.48931272678144e-05
1.908203125,5.57478059319072e-05
1.91015625,-1.49266444459349e-06
1.912109375,6.58438626715506e-05
1.9140625,8.19831781517489e-05
1.916015625,-8.36122979992522e-06
1.91796875,-9.78880450967287e-05
1.919921875,-8.34525309833673e-05
1.921875,0.000218718422148914
1.923828125,-4.02335902460864e-05
1.92578125,1.34189448305842e-05
1.927734375,3.43701538592077e-05
1.9296875,-0.000106056131821666
1.931640625,8.01036940705089e-05
1.93359375,4.92748647573819e-05
1.935546875,-1.12625089806201e-05
1.9375,8.716630202425e-06
1.939453125,9.05011213133018e-05
1.94140625,-3.59864679355638e-05
1.943359375,-3.07455078669034e-05
1.9453125,-2.05297014801532e-05
1.947265625,-3.20991062373325e-05
1.94921875,8.48273161591927e-05
1.951171875,0.000223090570931878
1.953125,0.000145320976119934
1.955078125,1.45940840852342e-05
1.95703125,-0.000122892130277725
1.958984375,2.86225712373871e-05
1.9609375,-8.98619336655538e-05
1.962890625,-0.000125845825908982
1.96484375,0.000120995200276748
1.966796875,0.000181138107813588
1.96875,-0.000180188445784029
1.970703125,4.63017652001333e-06
1.97265625,-0.000404981686776378
1.974609375,1.53578534967476e-05
1.9765625,9.33609969801278e-05
1.978515625,-0.000245223451203032
1.98046875,-3.10085820430928e-06
1.982421875,-8.52775766370268e-05
1.984375,-6.66084609583723e-06
1.986328125,4.05403639577705e-05
1.98828125,7.68997485028207e-06
1.990234375,-5.91471272524125e-05
1.9921875,-0.000108551970706218
1.994140625,4.57817320001957e-05
1.99609375,2.42956324803811e-05
1.998046875,3.17879945740388e-05
2,0.000131715356998247
2.001953125,0.000101549306286524
2.00390625,-2.91502563280171e-06
2.005859375,0.000139317186638082
2.0078125,-0.000102930494192351
2.009765625,-8.44975403248933e-06
2.01171875,8.20142914962268e-05
2.013671875,-0.000101555227530057
2.015625,9.97421792084794e-05
2.017578125,0.000106668065354156
2.01953125,-9.01763580796997e-05
2.021484375,0.000229137446636715
2.0234375,4.7465662264477e-05
2.025390625,6.15591857528814e-06
2.02734375,0.000166985599223702
2.029296875,-2.68963570102209e-05
2.03125,-0.000173653796143311
2.033203125,0.000165445700045493
2.03515625,-1.88525951972548e-05
2.037109375,-0.000131393527924409
2.0390625,-3.27339244797331e-05
2.041015625,-0.000111615878882502
2.04296875,-0.000127037844784253
2.044921875,0.000152593877612841
2.046875,-0.000106274519395957
2.048828125,-0.00021349023452999
2.05078125,-2.99056550059362e-05
2.052734375,0.000127073016240266
2.0546875,-9.21851497918923e-05
2.056640625,-7.73543351426511e-05
2.05859375,6.29611956997883e-05
2.060546875,2.33722987557277e-05
2.0625,0.000302009290844871
2.064453125,3.5964346239231e-05
2.06640625,3.43872847103077e-05
2.068359375,0.000101090763572305
2.0703125,-6.83869718678164e-05
2.072265625,-7.62325698978278e-05
2.07421875,-6.10599480799084e-05
2.076171875,-4.81066798274292e-05
2.078125,-4.30097545883701e-05
2.080078125,-9.73751305986622e-06
2.08203125,1.60070060481988e-05
2.083984375,0.000132779193089369
2.0859375,6.62253634200021e-05
2.087890625,6.54953583287967e-05
2.08984375,7.00995867925244e-05
2.091796875,1.37953412331365e-05
2.09375,-3.14866540259649e-06
2.095703125,-3.80151969976122e-05
2.09765625,-4.79536964917555e-06
2.099609375,-0.000123809997807423
2.1015625,5.86052964185991e-05
2.103515625,-0.000151933853178874
2.10546875,-0.000145818985384208
2.107421875,0.000108731166275023
2.109375,-9.75474800197819e-06
2.111328125,-6.37303083869009e-05
2.11328125,0.000116242271482313
2.115234375,1.9790574758687e-05
2.1171875,-0.000249272963643461
2.119140625,-8.49244436684008e-05
2.12109375,6.33095547718328e-05
2.123046875,3.15538278802069e-05
2.125,-8.22893274361554e-05
2.126953125,0.000126245214670234
2.12890625,3.51521888464265e-05
2.130859375,-7.18669798236625e-05
2.1328125,-8.97234400727869e-05
2.134765625,-5.63656759515703e-05
2.13671875,-2.99827960513423e-05
2.138671875,-0.000210437865761774
2.140625,-0.000100608296239765
2.142578125,-8.89877307481164e-06
2.14453125,-8.01326891463975e-05
2.146484375,-9.06500390750735e-05
2.1484375,0.000199114591375932
2.150390625,-7.49698647746884e-05
2.15234375,0.000150365681962546
2.154296875,-0.000247811581788665
2.15625,6.80135127782087e-06
2.158203125,-0.000100629703008347
2.16015625,9.30544536799665e-05
2.162109375,-9.22905268603846e-06
2.1640625,3.16229122270158e-06
2.166015625,-4.76808849698266e-05
2.16796875,-0.000143184808955156
2.169921875,-2.74836537393019e-05
2.171875,0.000155865531805996
2.173828125,0.000103619123384777
2.17578125,-0.000156596576272989
2.177734375,-7.35201559085715e-07
2.1796875,-8.50424070476834e-05
2.181640625,-1.18764065299851e-05
2.18359375,-7.68642394679323e-05
2.185546875,-2.53765611689117e-07
2.1875,-0.000145366881109725
2.189453125,0.00018638225593829
2.19140625,5.26386712956546e-05
2.193359375,-2.43766375328486e-05
2.1953125,0.000184549917587995
2.197265625,4.09837767888696e-05
2.19921875,5.14199648911977e-05
2.201171875,-5.79296365847222e-05
2.203125,8.36093913029477e-05
2.205078125,-0.000163999736956411
2.20703125,-3.37475272370082e-06
2.208984375,-8.017996261911e-05
2.2109375,-0.000275764890269107
2.212890625,7.7911105194699e-05
2.21484375,9.67059602776297e-05
2.216796875,-8.46045649302564e-05
2.21875,-5.66008157688426e-05
2.220703125,8.35332849715475e-05
2.22265625,-0.000164874596859501
2.224609375,-8.99325688033211e-05
2.2265625,-6.62485559034858e-05
2.228515625,3.88405960866102e-05
2.23046875,-3.40727833389896e-05
2.232421875,8.94343226940902e-05
2.234375,4.32998337039346e-05
2.236328125,-5.76858583426026e-05
2.23828125,-2.01426116463189e-05
2.240234375,-1.15301273277091e-05
2.2421875,4.23744134472017e-05
2.244140625,-3.55236085447175e-05
2.24609375,-0.000108819410493603
2.248046875,0.000104164868416173
2.25,-4.53930177293888e-05
2.251953125,-9.37492897862687e-05
2.25390625,-6.10596179407233e-05
2.255859375,-6.45316661033863e-05
2.2578125,3.64809161577311e-05
2.259765625,2.85643330421941e-06
2.26171875,8.99277491915312e-05
2.263671875,0.000124199454008264
2.265625,0.000233775718617979
2.267578125,-1.33299764626429e-05
2.26953125,8.30456662583707e-05
2.271484375,-9.08526173648018e-05
2.2734375,-0.000104564291284029
2.275390625,1.23521190599054e-05
2.27734375,1.36356134463365e-05
2.279296875,-7.790694482301e-05
2.28125,-3.0924432962528e-05
2.283203125,-6.16521684244843e-05
2.28515625,-6.42496759181571e-05
2.287109375,-1.13412030793118e-05
2.2890625,4.72077600976161e-05
2.291015625,-5.78859610280868e-06
2.29296875,2.04804195914722e-05
2.294921875,9.41240399989405e-05
2.296875,-1.60422182206712e-06
2.298828125,7.94050958501516e-05
2.30078125,-2.09226182472743e-05
2.302734375,6.70379640898827e-05
2.3046875,1.67231094437528e-05
2.306640625,-9.41169334046881e-05
2.30859375,9.37253525641267e-05
2.310546875,-0.00011407025215693
2.3125,6.44386727932758e-05
2.314453125,7.98833402404971e-05
2.31640625,9.52388407096411e-05
2.318359375,-4.54113050761888e-05
2.3203125,-7.99390512267143e-05
2.322265625,-6.50243899785685e-05
2.32421875,-6.25301453589868e-05
2.326171875,-0.000194173134980995
2.328125,-7.37400850667038e-05
2.330078125,-3.85091384739077e-05
2.33203125,0.000106804325176531
2.333984375,2.99287507284853e-05
2.3359375,-3.72538488590461e-05
2.337890625,7.00092874898063e-05
2.33984375,0.000157083855468987
2.341796875,-7.77855402573495e-05
2.34375,-0.000177170925425946
2.345703125,-5.0188666818569e-05
2.34765625,7.54773059692636e-05
2.349609375,0.000156601329889835
2.3515625,9.44438155981647e-05
2.353515625,-5.52450763281858e-05
2.35546875,-1.06363651217235e-05
2.357421875,-0.0003230254745291
2.359375,-0.000133698251991379
2.361328125,6.55649192551059e-05
2.36328125,-5.52753727525202e-05
2.365234375,-7.93941925570204e-05
2.3671875,6.41243827451506e-05
2.369140625,8.99585259505453e-05
2.37109375,-2.60017324832169e-05
2.373046875,-6.27724155886555e-05
2.375,-0.000111118584820398
2.376953125,0.00019655443376377
2.37890625,-4.19798044758212e-05
2.380859375,-2.76845531581259e-05
2.3828125,-0.000138389139239624
2.384765625,-0.000113609184179766
2.38671875,-2.54679883685465e-05
2.388671875,-0.000129166481907195
2.390625,-3.45067098540875e-05
2.392578125,6.61992981265625e-06
2.39453125,-0.000153025758059168
2.396484375,9.6138383698985e-05
2.3984375,-4.39374765401492e-07
2.400390625,0.000125861094840977
2.40234375,-7.56023572484358e-05
2.404296875,0.000177349702541765
2.40625,2.687819065477e-05
2.408203125,9.88043707879646e-05
2.41015625,4.1915824862542e-05
2.412109375,2.66057431396747e-05
2.4140625,0.000117359351352451
2.416015625,0.000253866742591791
2.41796875,1.6256098364681e-05
2.419921875,-0.000135418166372285
2.421875,5.07735245018823e-05
2.423828125,7.50160387602935e-05
2.42578125,-0.000109903276229653
2.427734375,1.77050812873194e-05
2.4296875,-0.000121236400851137
2.431640625,-0.000152651806967284
2.43359375,0.000176165179177515
2.435546875,-7.11322509552598e-05
2.4375,4.45712463265904e-05
2.439453125,-8.12098410427252e-07
2.44140625,-0.000108649481734581
2.443359375,0.000105577786113201
2.4453125,-0.000200391066972546
2.447265625,-0.000129578191388219
2.44921875,-9.61799428761298e-05
2.451171875,0.00025635920607783
2.453125,-2.10485456255186e-05
2.455078125,-3.13062807853619e-05
2.45703125,-0.000178288948016736
2.458984375,7.37279796394333e-05
2.4609375,-0.000117573854857278
2.462890625,-5.91292616189841e-05
2.46484375,6.2723086515015e-05
2.466796875,-3.41020290124772e-05
2.46875,-8.59126414972852e-05
2.470703125,3.65062195736479e-05
2.47265625,-2.40129222992435e-05
2.474609375,2.45270759105992e-05
2.4765625,-8.73566840462489e-05
2.478515625,6.57525390597787e-06
2.48046875,0.0001107459399203
2.482421875,1.37497602902871e-05
2.484375,9.89514849438325e-05
2.486328125,7.0995721764633e-05
2.48828125,-1.33078889234419e-05
2.490234375,-6.96561970809839e-05
2.4921875,-0.000142352237420422
2.494140625,-3.82654566620942e-05
2.49609375,-7.64893425194497e-05
2.498046875,-7.85562909674399e-05
2.5,-6.70625785845544e-05
2.501953125,-7.81564392118195e-05
2.50390625,-6.20028107701094e-05
2.505859375,2.5979244601672e-05
2.5078125,-2.42679877939926e-05
2.509765625,-8.13471773108833e-05
2.51171875,0.000152955629657815
2.513671875,-9.52001925750429e-05
2.515625,8.12382543491792e-05
2.517578125,-3.30863118343857e-05
2.51953125,3.07368362019083e-05
2.521484375,4.09894466413552e-06
2.5234375,0.000126572547923332
2.525390625,4.09839589897204e-06
2.52734375,6.25802043908196e-05
2.529296875,-1.79689374996956e-05
2.53125,4.58199884387093e-05
2.533203125,-0.000160080615220866
2.53515625,0.000133213061144351
2.537109375,3.58363794983355e-05
2.5390625,7.52461886067549e-05
2.541015625,0.000267739256165246
2.54296875,0.000129530633060247
2.544921875,-2.56099544452287e-05
2.546875,-0.000179893411149433
2.548828125,1.28869472750117e-05
2.55078125,4.27235681204438e-05
2.552734375,-3.54237186986709e-05
2.5546875,5.50444648375741e-05
2.556640625,3.8560868403687e-06
2.55859375,-9.32631452530725e-05
2.560546875,8.66813322349341e-06
2.5625,3.75100049479293e-05
2.564453125,9.21479989212851e-05
2.56640625,6.00057717108401e-05
2.568359375,-8.42798040772891e-05
2.5703125,-0.000235326241052239
2.572265625,3.61293586419835e-05
2.57421875,-6.43084397972945e-05
2.576171875,-6.50329267745325e-07
2.578125,3.93337180612235e-07
2.580078125,-0.000120391452684972
2.58203125,0.000235191957003453
2.583984375,0.000143844053882998
2.5859375,-1.69808950274571e-05
2.587890625,4.33441137825029e-05
2.58984375,6.84447285246069e-05
2.591796875,4.90615382895569e-05
2.59375,9.55128036807927e-08
2.595703125,-0.000188936269196624
2.59765625,8.86009621312171e-05
2.599609375,-0.000119377074324246
2.6015625,6.94470673128615e-05
2.603515625,8.28085233624046e-05
2.60546875,7.3467353358502e-06
2.607421875,-8.96278425952216e-06
2.609375,-8.53614050784215e-05
2.611328125,-4.40460169490559e-06
2.61328125,7.86237434549682e-05
2.615234375,-5.13460783177952e-05
2.6171875,-0.000213322778251803
2.619140625,7.95151574989295e-05
2.62109375,8.23475739229354e-05
2.623046875,7.72433788560532e-05
2.625,-1.41044488240672e-05
2.626953125,-5.3557381852014e-05
2.62890625,6.00689421513633e-05
2.630859375,1.50841075532512e-05
2.6328125,-0.00015234220220562
2.634765625,5.05782344195736e-05
2.63671875,-3.14102814171038e-05
2.638671875,-0.000160971401553615
2.640625,0.00018375553617702
2.642578125,-0.00015205932980251
2.64453125,6.38188417418808e-05
2.646484375,-3.25761193929095e-05
2.6484375,-2.56464793532978e-05
2.650390625,-0.000144947645114854
2.65234375,2.78240807714113e-05
2.654296875,-0.000208246569279307
2.65625,-0.000105209692428227
2.658203125,-0.000100415711650616
2.66015625,-5.99182094167189e-05
2.662109375,0.0001183329557216
2.6640625,8.18664084815642e-05
2.666015625,-8.65859793890728e-05
2.66796875,-4.43186135229971e-05
2.669921875,-0.000129696287121723
2.671875,7.7904312818704e-05
2.673828125,6.42144458952751e-05
2.67578125,2.28983104580191e-06
2.677734375,4.39509792835722e-05
2.6796875,-0.000134885774453753
2.681640625,-0.000170444522514365
2.68359375,2.6428694908373e-05
2.685546875,-3.34147363349578e-05
2.6875,8.83703464195531e-05
2.689453125,-2.12807227225236e-05
2.69140625,-9.8029194264705e-05
2.693359375,0.000154108088407407
2.6953125,0.000126264663169605
2.697265625,-7.61280970393295e-05
2.69921875,-4.7328995644585e-05
2.701171875,-3.56733866554308e-05
2.703125,-2.27266792309829e-06
2.705078125,9.48212487582141e-05
2.70703125,-7.24597243657566e-05
2.708984375,-9.41037083935161e-05
2.7109375,9.35973955873191e-06
2.712890625,-1.24207586327122e-05
2.71484375,4.04476533466285e-05
2.716796875,-1.71336129949578e-05
2.71875,-9.51843112820497e-05
2.720703125,-1.86831036699651e-05
2.72265625,5.33366988142785e-05
2.724609375,-4.82757583734608e-05
2.7265625,-9.59178429686783e-05
2.728515625,-7.0412834036599e-05
2.73046875,-0.00014765218382405
2.732421875,-0.000199989009841048
2.734375,-4.55044095666612e-05
2.736328125,-6.41036285452413e-05
2.73828125,1.23115582349608e-05
2.740234375,0.000112310673051564
2.7421875,5.76589609192598e-05
2.744140625,0.000151665337530261
2.74609375,-4.37118296447868e-07
2.748046875,-2.38553346384596e-05
2.75,0.000132145914307439
2.751953125,2.32500126610082e-05
2.75390625,8.13526735724579e-05
2.755859375,-3.23612529176695e-05
2.7578125,9.25354084524757e-06
2.759765625,3.07654243969234e-06
2.76171875,0.000175744077175784
2.763671875,2.04974997753408e-05
2.765625,-1.06380626205305e-05
2.767578125,-0.000221303115884705
2.76953125,5.67493833057538e-05
2.771484375,3.17466266120592e-05
2.7734375,9.22364681125634e-05
2.775390625,-1.26743819261897e-05
2.77734375,6.42643378094436e-05
2.779296875,5.63305679896975e-05
2.78125,-7.97703722313609e-05
2.783203125,-1.55015216546876e-05
2.78515625,0.000105940405240921
2.787109375,-4.96675199546414e-05
2.7890625,9.27430446621615e-06
2.791015625,6.50859547345418e-05
2.79296875,0.000158654081777362
2.794921875,0.000116429986221929
2.796875,5.53589068575693e-05
2.798828125,0.000137691505954709
2.80078125,6.95977158882434e-05
2.802734375,-0.000108648617765894
2.8046875,8.76147974939115e-05
2.806640625,8.56600974298573e-05
2.80859375,-1.10825392398048e-05
2.810546875,0.00019106499743367
2.8125,4.43753679796268e-05
2.814453125,-0.000117108504512203
2.81640625,-4.36705295868627e-05
2.818359375,-0.000104045803421645
2.8203125,0.000134021624411042
2.822265625,1.87746668563257e-05
2.82421875,5.89554248784188e-06
2.826171875,-2.73826100673748e-05
2.828125,-0.000225772333607506
2.830078125,7.74399542666985e-05
2.83203125,7.5119110620697e-05
2.833984375,-0.000190817789327915
2.8359375,5.24593014674082e-05
2.837890625,9.83548402900387e-06
2.83984375,0.000101052777720743
2.841796875,0.000112992465055796
2.84375,-0.000117581877823718
2.845703125,0.00016482833988753
2.84765625,8.5868221110829e-05
2.849609375,-6.63943259610588e-05
2.8515625,0.000153374624294644
2.853515625,1.73187443477701e-06
2.85546875,2.25100379677999e-05
2.857421875,5.53948771463546e-05
2.859375,-8.59214083126257e-06
2.861328125,1.36620132220458e-05
2.86328125,-1.47715391124595e-05
2.865234375,2.00451641987758e-06
2.8671875,-0.000101959999027493
2.869140625,-3.85894714428548e-05
2.87109375,4.5988916672586e-05
2.873046875,-0.000426982885832406
2.875,-5.39688726016055e-05
2.876953125,-0.000176268235724727
2.87890625,0.000100993084817687
2.880859375,-6.752717026097e-07
2.8828125,8.70999700646996e-05
2.884765625,3.65119786388961e-05
2.88671875,-0.000168358729148041
2.888671875,1.51423312791566e-05
2.890625,-4.78650425712895e-05
2.892578125,8.90961146739857e-05
2.89453125,5.55584736846885e-05
2.896484375,2.34358417273531e-05
2.8984375,9.03227398199912e-05
2.900390625,2.43509650745312e-05
2.90234375,6.35688896187945e-05
2.904296875,0.000165835610689285
2.90625,-6.12756020415246e-05
2.908203125,-3.15030962328911e-05
2.91015625,1.74123818335508e-05
2.912109375,-1.61391605009008e-05
2.9140625,-0.000218731017196168
2.916015625,-6.24756002879829e-05
2.91796875,3.28565659208643e-06
2.919921875,-7.88210060758768e-05
2.921875,0.000111246897491252
2.923828125,5.81657091132366e-05
2.92578125,0.000200371471389434
2.927734375,-8.46016450546826e-05
2.9296875,-0.000156589788953221
2.931640625,7.39689713682724e-05
2.93359375,9.10893593058053e-05
2.935546875,3.31915168196066e-05
2.9375,8.81586044015794e-05
2.939453125,0.000140816398726398
2.94140625,-0.000148166581296091
2.943359375,-0.000174587189237958
2.9453125,-3.22088673974632e-05
2.947265625,9.58076830602134e-05
2.94921875,0.000104383665595781
2.951171875,-6.8027023798607e-05
2.953125,4.3246467455804e-05
2.955078125,0.000122441151398012
2.95703125,0.000157222785722478
2.958984375,-1.81643620834102e-05
2.9609375,-6.36249864402194e-05
2.962890625,-6.45884916053894e-05
2.96484375,1.96100926473726e-05
2.966796875,-3.88230303421893e-05
2.96875,-0.000140125472062661
2.970703125,7.29907607006048e-05
2.97265625,7.67563460070632e-06
2.974609375,-0.000120906031376958
2.9765625,-1.78540453702583e-05
2.978515625,-0.000142707940718144
2.98046875,-1.45454105884192e-05
2.982421875,-6.64446030800622e-05
2.984375,-4.86971741149928e-05
2.986328125,7.76312453337261e-05
2.98828125,4.63210211884297e-05
2.990234375,-1.94130039248678e-05
2.9921875,-0.00018377528436291
2.994140625,-7.14464645962934e-05
2.99609375,2.30492213207488e-05
2.998046875,-8.23320837759636e-05
3,-0.00014089372102439
3.001953125,1.48214207132652e-05
3.00390625,-8.26608702319038e-05
3.005859375,3.37578043313805e-05
3.0078125,-0.00016009564585845
3.009765625,-7.98896902950292e-06
3.01171875,6.0914527261013e-05
3.013671875,-5.88818143951731e-05
3.015625,7.74904078120799e-05
3.017578125,-0.000122763452232043
3.01953125,7.56631080079195e-05
3.021484375,9.45014769197279e-05
3.0234375,-2.10954600083456e-05
3.025390625,4.49770324059558e-05
3.02734375,0.00025187753656554
3.029296875,-0.000105186950251659
3.03125,3.57501428739644e-05
3.033203125,2.0262553196878e-05
3.03515625,-6.23862401778571e-05
3.037109375,0.000101555546281372
3.0390625,3.27082532554834e-05
3.041015625,-7.06523099437242e-05
3.04296875,3.94359016533685e-05
3.044921875,3.07280011134351e-05
3.046875,7.45893639051949e-05
3.048828125,7.9289436568147e-06
3.05078125,0.000109276364977759
3.052734375,0.00016270430859625
3.0546875,-0.000196466013370274
3.056640625,8.87384480287039e-05
3.05859375,2.42396668665962e-06
3.060546875,4.76217429150518e-05
3.0625,0.000147240418310868
3.064453125,9.5970184640986e-05
3.06640625,0.00011672051349766
3.068359375,0.000187240509486042
3.0703125,0.000114381384617213
3.072265625,-3.51707286078356e-05
3.07421875,2.24824755745634e-05
3.076171875,0.000154514837732942
3.078125,-0.000109113208754113
3.080078125,9.79661709557584e-05
3.08203125,3.91995154307914e-05
3.083984375,0.000187440617426128
3.0859375,-3.5717650751099e-05
3.087890625,3.13683068177939e-05
3.08984375,0.000138672960895472
3.091796875,0.000140344044819191
3.09375,-9.82209047321034e-05
3.095703125,-0.000164524787017988
3.09765625,-4.60444902037249e-05
3.099609375,5.60775594610088e-05
3.1015625,-4.63316054804129e-05
3.103515625,-4.52663378178243e-05
3.10546875,-0.000139059929644561
3.107421875,-0.000141655054015749
3.109375,-0.000104023606879974
3.111328125,-0.000243569782343688
3.11328125,-3.34585437356809e-05
3.115234375,2.30892009373214e-05
3.1171875,0.000194918285466336
3.119140625,-7.10794595646346e-05
3.12109375,-0.000167195637254262
3.123046875,-2.81926371694862e-05
3.125,4.41240446397843e-05
3.126953125,7.53360635155251e-06
3.12890625,4.74762602293781e-05
3.130859375,4.68422982272474e-05
3.1328125,-6.02393454088109e-05
3.134765625,1.56763512741217e-05
3.13671875,-7.11381474690186e-05
3.138671875,-6.14161633586799e-06
3.140625,-2.44060353063963e-05
3.142578125,-5.53886993593083e-05
3.14453125,-0.00015750829859797
3.146484375,-5.15136093698565e-05
3.1484375,-0.000103492314708991
3.150390625,-4.62561662038766e-05
3.15234375,6.00225510029013e-06
3.154296875,4.95507165511401e-05
3.15625,-6.25972246618514e-05
3.158203125,0.000142432187974152
3.16015625,-0.00011129699741258
3.162109375,2.06812827181807e-05
3.1640625,4.28160046704044e-05
3.166015625,7.38890327982615e-05
3.16796875,-0.000152052143343546
3.169921875,-0.000101348945863445
3.171875,5.11119730649773e-05
3.173828125,6.03343467112847e-05
3.17578125,0.000175479323255257
3.177734375,-1.45077187075984e-05
3.1796875,-1.85625846063835e-05
3.181640625,-2.93382506773578e-05
3.18359375,1.97753268920395e-05
3.185546875,8.48136949172316e-05
3.1875,-4.99379317128969e-05
3.189453125,0.000239089278082868
3.19140625,9.60410257875153e-06
3.193359375,3.91652110550099e-06
3.1953125,2.07432198704376e-05
3.197265625,6.43127560280675e-05
3.19921875,2.48953403838422e-05
3.201171875,6.53993801482847e-05
3.203125,-0.000187138315763289
3.205078125,1.3554337189416e-05
3.20703125,-7.23003305745846e-05
3.208984375,6.76813855065658e-06
3.2109375,-4.50996893788501e-05
3.212890625,-6.7627034534969e-05
3.21484375,-6.76531105315634e-06
3.216796875,8.02767936110928e-06
3.21875,-9.61001365596911e-05
3.220703125,5.74895179755104e-05
3.22265625,4.76708058319755e-05
3.224609375,-0.000116840918889425
3.2265625,-5.23650822302296e-05
3.228515625,0.000210555918018655
3.23046875,3.55352892126323e-05
3.232421875,-2.61168289252459e-05
3.234375,0.000149993292204176
3.236328125,4.32958858292749e-05
3.23828125,-0.000140245240789188
3.240234375,-0.000146474697622967
3.2421875,0.000195579707989104
3.244140625,1.5262136114736e-05
3.24609375,-3.98095166754701e-05
3.248046875,-8.63069937840382e-05
3.25,0.000147147069811309
3.251953125,-2.238882588999e-05
3.25390625,-9.05324090517688e-05
3.255859375,-1.93451092636129e-05
3.2578125,7.52547220245811e-05
3.259765625,1.15334884015851e-06
3.26171875,-1.57923378034731e-05
3.263671875,0.000104233689691051
3.265625,2.39094528979682e-05
3.267578125,9.14100971122707e-05
3.26953125,-5.8216130501573e-05
3.271484375,4.17340928946911e-05
3.2734375,1.74360072957749e-05
3.275390625,-8.4836929609511e-05
3.27734375,-2.00245332149756e-05
3.279296875,-1.59840160850614e-05
3.28125,-2.91515793086245e-05
3.283203125,-4.75792253018229e-05
3.28515625,4.24124869566155e-05
3.287109375,0.000104418730525416
3.2890625,-2.15685078804586e-05
3.291015625,2.5057147490735e-05
3.29296875,-6.45230088692941e-07
3.294921875,6.67288925976481e-05
3.296875,0.00022836627634738
3.298828125,-8.90114248527345e-05
3.30078125,-3.63641250699913e-05
3.302734375,-1.75194715127413e-05
3.3046875,0.000164767877453667
3.306640625,6.25028564432897e-05
3.30859375,-7.23967789833677e-05
3.310546875,7.61050969553172e-05
3.3125,7.63636109944994e-05
3.314453125,1.9238991176669e-05
3.31640625,3.5899559772751e-05
3.318359375,-3.24984960708947e-05
3.3203125,-3.52823911044736e-05
3.322265625,-6.4306408968899e-07
3.32421875,0.000130672213474567
3.326171875,9.22694601649104e-05
3.328125,-2.80670219732222e-05
3.330078125,-2.36784813563695e-06
3.33203125,3.65657736415982e-05
3.333984375,0.000120314265461419
3.3359375,0.000223708981932127
3.337890625,-0.000118036131573191
3.33984375,-0.000153853223092153
3.341796875,7.39135490586269e-05
3.34375,3.59559141548761e-05
3.345703125,0.000143425771149287
3.34765625,-0.000182603538989393
3.349609375,-6.5558084545748e-05
3.3515625,-7.09704526400053e-06
3.353515625,1.22704467333326e-05
3.35546875,0.000214970290381234
3.357421875,4.15797706504285e-05
3.359375,-5.14405013979763e-06
3.361328125,-0.000132679586965164
3.36328125,-5.97987640672653e-05
3.365234375,-7.79312524526514e-06
3.3671875,4.81847969560924e-05
3.369140625,-1.84168719343069e-05
3.37109375,4.76346462114196e-05
3.373046875,3.93145264210646e-05
3.375,-0.000192277378154233
3.376953125,3.25454434849643e-06
3.37890625,4.3066848417667e-05
3.380859375,1.20624986634513e-05
3.3828125,-2.0394443875719e-07
3.384765625,3.4123344433494e-05
3.38671875,7.65903664309555e-06
3.388671875,8.03937444573576e-05
3.390625,-8.30325215065894e-05
3.392578125,6.4481207563488e-05
3.39453125,0.000123549194524842
3.396484375,-8.51427717028974e-05
3.3984375,-4.36007665345583e-06
3.400390625,0.000119929721799715
3.40234375,0.000175117237445819
3.404296875,9.02249129350672e-05
3.40625,-1.67503679999706e-05
3.408203125,9.90434655343886e-06
3.41015625,-0.000159948163146212
3.412109375,0.000156322428293655
3.4140625,-0.00011547243944076
3.416015625,-3.92407854412389e-05
3.41796875,4.00545418909867e-05
3.419921875,0.000154396074118082
3.421875,0.000117505518838487
3.423828125,-4.88444649208816e-05
3.42578125,3.28791736171989e-05
3.427734375,6.13239087568117e-05
3.4296875,0.000184406174669575
3.431640625,1.98165218783107e-05
3.43359375,-3.28085523221917e-05
3.435546875,-3.94452193290186e-06
3.4375,9.66253819741973e-06
3.439453125,0.000129252138466267
3.44140625,0.000171610965033829
3.443359375,9.24847011814873e-05
3.4453125,-8.66547374165209e-05
3.447265625,-1.16329890522135e-06
3.44921875,3.50823519153138e-05
3.451171875,1.36995014981552e-05
3.453125,3.69660992073706e-05
3.455078125,1.85386418336262e-05
3.45703125,-2.56186499282316e-05
3.458984375,-4.21344660983047e-05
3.4609375,-0.000106568964427079
3.462890625,-5.29842048600847e-05
3.46484375,1.09525269663402e-06
3.466796875,-3.14430625961757e-05
3.46875,2.7456990513349e-05
3.470703125,-9.68167281820367e-05
3.47265625,5.09067466451531e-05
3.474609375,0.000100143144163175
3.4765625,0.000179289796840832
3.478515625,3.1831702916243e-05
3.48046875,8.0926410446167e-05
3.482421875,-2.91020014855328e-05
3.484375,-7.97667157110687e-05
3.486328125,-7.36789820339023e-05
3.48828125,-4.00046641794751e-05
3.490234375,7.71191124774075e-06
3.4921875,9.97482071124239e-05
3.494140625,6.1321099466552e-05
3.49609375,4.79701622070283e-05
3.498046875,-3.47408280919641e-05
3.5,-8.68755517534027e-05
3.501953125,1.57561551643731e-05
3.50390625,4.05022208241182e-05
3.505859375,-0.00023010713963414
3.5078125,9.94077468256697e-06
3.509765625,3.12391785168482e-05
3.51171875,5.26326951912433e-06
3.513671875,0.00014759658286235
3.515625,0.000136349823005197
3.517578125,4.67889087718542e-05
3.51953125,0.000135320154635144
3.521484375,-3.99983894705071e-05
3.5234375,7.17914314042388e-05
3.525390625,4.40588341036091e-05
3.52734375,0.000108767744560552
3.529296875,7.20194107800875e-05
3.53125,0.000104519066910815
3.533203125,-2.5753911401316e-05
3.53515625,-7.2850467566057e-05
3.537109375,-0.000119986917784566
3.5390625,1.81228294031282e-05
3.541015625,5.6664187043434e-05
3.54296875,2.96239155489183e-05
3.544921875,-7.37797478683583e-05
3.546875,6.60467414703666e-05
3.548828125,-0.000108044618963876
3.55078125,-0.0001109023249834
3.552734375,-6.23686705028012e-05
3.5546875,8.57095112600552e-05
3.556640625,-0.000124454267359807
3.55859375,-4.06756121984035e-05
3.560546875,-0.000139814808473781
3.5625,7.58482814400369e-05
3.564453125,-3.6155957110441e-05
3.56640625,-5.83278189607984e-05
3.568359375,4.96838676747986e-05
3.5703125,1.17396868753085e-05
3.572265625,-3.40048396328658e-05
3.57421875,2.88212751303326e-05
3.576171875,0.000167971822279981
3.578125,-2.41623822805654e-07
3.580078125,-0.000157434313696525
3.58203125,-6.03534381943138e-05
3.583984375,1.88699895278789e-05
3.5859375,-0.000154464485272346
3.587890625,-0.000106345089444208
3.58984375,2.84150091100319e-05
3.591796875,0.000228116105952212
3.59375,-8.91051803492531e-05
3.595703125,7.30452665026147e-05
3.59765625,3.56281341226346e-05
3.599609375,-7.53796473408781e-05
3.6015625,4.01049536199893e-05
3.603515625,7.40409024369005e-05
3.60546875,5.74590378084085e-05
3.607421875,0.000186710841594268
3.609375,-7.29873483246332e-05
3.611328125,-0.000177458218504308
3.61328125,-0.000261956492534037
3.615234375,-8.09760802763986e-05
3.6171875,-3.23695119198475e-06
3.619140625,0.000123637440558871
3.62109375,0.0001918286072034
3.623046875,0.00010056413502557
3.625,6.72738985735551e-05
3.626953125,-7.19320543711061e-05
3.62890625,9.3170897717066e-05
3.630859375,4.7286904750262e-05
3.6328125,-0.000116679427286319
3.634765625,0.000108735393409111
3.63671875,8.71315262009837e-05
3.638671875,-0.000152709339917699
3.640625,-8.67816601931947e-05
3.642578125,0.000103781841876024
3.64453125,0.00010681948226435
3.646484375,4.76879135808124e-06
3.6484375,-4.7787840633085e-05
3.650390625,-9.17702446835257e-06
3.65234375,-0.000189804374569141
3.654296875,-0.000304984314525535
3.65625,-1.68127811709745e-05
3.658203125,5.07824645732749e-05
3.66015625,0.000189925184493411
3.662109375,-5.64695735714517e-05
3.6640625,-9.21166815940622e-05
3.666015625,-6.97232001174095e-06
3.66796875,-0.000102592101121869
3.669921875,2.0388824526934e-05
3.671875,-4.8378657049788e-05
3.673828125,0.000120729557178532
3.67578125,9.73263194052351e-05
3.677734375,5.41157760313194e-05
3.6796875,-0.000131476407994998
3.681640625,0.000142993294732171
3.68359375,3.78664149048127e-05
3.685546875,8.24326222097101e-05
3.6875,1.52602827849048e-05
3.689453125,-6.71014479693083e-05
3.69140625,5.09438602727178e-05
3.693359375,-0.00026163581099902
3.6953125,-4.27982451941334e-05
3.697265625,-0.000294710527896372
3.69921875,-0.000144126952871155
3.701171875,5.34691475429681e-05
3.703125,1.03536172999987e-05
3.705078125,-3.97240509782318e-05
3.70703125,8.28580043276257e-05
3.708984375,3.00348275507976e-05
3.7109375,4.03225464483582e-05
3.712890625,-6.09105401829029e-05
3.71484375,9.25733440261526e-05
3.716796875,-5.35898826773859e-05
3.71875,3.93130757487587e-06
3.720703125,1.25187516925349e-05
3.72265625,-0.00010514920527677
3.724609375,3.78876156233896e-05
3.7265625,-0.000210938660749547
3.728515625,-0.000194453948758668
3.73046875,6.4476229876674e-05
3.732421875,-3.01587717286562e-05
3.734375,8.99568159634174e-05
3.736328125,-3.55087899331974e-05
3.73828125,0.000169548939379277
3.740234375,-8.84725815611508e-05
3.7421875,-1.59234521695072e-05
3.744140625,6.43498133781094e-05
3.74609375,-1.91387716680743e-05
3.748046875,0.000122589792599399
3.75,3.14196502506446e-05
3.751953125,-0.000119829608804316
3.75390625,7.72656771214398e-05
3.755859375,8.53406485777753e-05
3.7578125,6.38848681118675e-05
3.759765625,-1.82898688640196e-05
3.76171875,2.88077147275894e-05
3.763671875,4.00701321885451e-05
3.765625,5.11034121751727e-05
3.767578125,7.17160299335291e-05
3.76953125,4.18278347919818e-05
3.771484375,0.000104039861222951
3.7734375,0.00013493569546234
3.775390625,-3.98865152248798e-05
3.77734375,-3.49143699098901e-05
3.779296875,0.000167545995558605
3.78125,-7.45814513171813e-05
3.783203125,-5.21756178198187e-05
3.78515625,1.98114733906373e-05
3.787109375,9.31583635380224e-05
3.7890625,9.77125459905433e-05
3.791015625,6.61879099396184e-05
3.79296875,2.62070847308646e-05
3.794921875,-0.000102398841186018
3.796875,0.00012347725800361
3.798828125,-6.96729058145536e-05
3.80078125,0.000186642668285565
3.802734375,-0.000221103130803954
3.8046875,-6.18924677437513e-05
3.806640625,3.80021095331512e-05
3.80859375,0.000255178429201205
3.810546875,3.11076621245102e-05
3.8125,0.000215127794677446
3.814453125,3.17531362384291e-05
3.81640625,-6.26109790823757e-05
3.818359375,-5.14281203240445e-05
3.8203125,-9.57032572502015e-06
3.822265625,-1.81015367280937e-06
3.82421875,9.05150165997707e-05
3.826171875,3.87060011253993e-05
3.828125,4.06779757380307e-05
3.830078125,0.000193178733370584
3.83203125,0.000197106498631455
3.833984375,-0.000157809771321838
3.8359375,0.000121615197792515
3.837890625,-8.9748246243703e-05
3.83984375,7.76802723576278e-06
3.841796875,-5.35960458915901e-05
3.84375,2.71372200914968e-05
3.845703125,5.83900048382574e-05
3.84765625,4.42745142298771e-05
3.849609375,1.39519958782956e-05
3.8515625,-0.000103177666832166
3.853515625,0.000104812042566109
3.85546875,-1.07491420333274e-05
3.857421875,0.000145881125415901
3.859375,-0.000115495469505075
3.861328125,2.36770230791929e-05
3.86328125,-0.000135971617453897
3.865234375,-0.000128082960696464
3.8671875,-6.79338132528361e-05
3.869140625,-6.72069850778787e-05
3.87109375,0.000137274924236104
3.873046875,6.51717265441664e-06
3.875,2.20473637037399e-05
3.876953125,7.34039262695496e-05
3.87890625,-4.86496323278351e-05
3.880859375,0.000157008385508901
3.8828125,-2.15682450318674e-05
3.884765625,-5.41451008654407e-05
3.88671875,0.000139514717941692
3.888671875,-0.000115158473882288
3.890625,4.18691701023988e-05
3.892578125,5.37018160972154e-05
3.89453125,4.58767866216841e-05
3.896484375,-6.77361659925498e-05
3.8984375,4.33410721386495e-07
3.900390625,7.03862213005743e-05
3.90234375,-1.99534840707316e-05
3.904296875,-0.00010144603442402
3.90625,-2.09443604909188e-05
3.908203125,-8.11938119899732e-05
3.91015625,0.000159712060458632
3.912109375,1.29159599113446e-05
3.9140625,-3.56729901399799e-07
3.916015625,7.3287959405784e-05
3.91796875,-1.74409190898431e-05
3.919921875,0.000169471226153488
3.921875,3.8354165208409e-05
3.923828125,4.35845047889366e-05
3.92578125,0.000134080479380378
3.927734375,0.000182511557153936
3.9296875,-6.58651306304633e-05
3.931640625,2.48376511947628e-05
3.93359375,-5.54687478259885e-05
3.935546875,-1.50056695728312e-05
3.9375,0.000106596509537068
3.939453125,5.25358219233917e-05
3.94140625,0.000146833884760902
3.943359375,5.00612048388488e-05
3.9453125,9.68509622882049e-05
3.947265625,-4.09593854867811e-05
3.94921875,7.42373077639794e-05
3.951171875,0.00016103400024971
3.953125,-0.000170414720938629
3.955078125,0.000115232883338731
3.95703125,4.24294231391354e-05
3.958984375,-0.000171516458988451
3.9609375,-7.82166326200794e-05
3.962890625,-1.75188126345847e-05
3.96484375,1.78065632839544e-05
3.966796875,-8.84732961632614e-05
3.96875,-5.75096136977032e-06
3.970703125,6.27583212290474e-05
3.97265625,-0.00017201451554269
3.974609375,1.53067117716314e-05
3.9765625,-7.00224478118876e-06
3.978515625,-6.18580409903026e-05
3.98046875,-3.28598728833222e-05
3.982421875,7.47040056453994e-05
3.984375,3.11876197542155e-06
3.986328125,0.000123675303728172
3.98828125,-2.27311027792782e-05
3.990234375,-0.000132889783657612
3.9921875,5.26040979086562e-05
3.994140625,-9.82553814066873e-05
3.99609375,-0.000168895811121346
3.998046875,-3.69508794117384e-05
4,2.65158847471111e-05
4.001953125,0.000136136791014259
4.00390625,9.43258827822275e-05
4.005859375,-0.000202661695772905
4.0078125,-9.5051791961458e-07
4.009765625,-6.8346658597833e-05
4.01171875,-0.000107668742806484
4.013671875,0.000105453237848444
4.015625,-6.67548015152693e-06
4.017578125,-0.000116946250043805
4.01953125,0.000242818174884019
4.021484375,3.5877472493938e-05
4.0234375,-0.000119885042267134
4.025390625,-7.69852847647392e-05
4.02734375,0.000162295133727019
4.029296875,-0.000112303837410799
4.03125,4.04269713817767e-06
4.033203125,-1.89687257468447e-05
4.03515625,0.000100804952464578
4.037109375,4.91323368979252e-05
4.0390625,6.50748914074129e-05
4.041015625,-8.68891134349696e-05
4.04296875,1.42985996928928e-05
4.044921875,4.09501742492621e-05
4.046875,0.000127494446426591
4.048828125,3.5586559889132e-06
4.05078125,3.44335632097381e-05
4.052734375,-8.98230352845599e-05
4.0546875,-8.50320839650987e-05
4.056640625,2.52514427435698e-05
4.05859375,-6.25424227748742e-05
4.060546875,7.99959562786593e-05
4.0625,-0.000119599171157294
4.064453125,-0.000146400195797751
4.06640625,0.000115099570355942
4.068359375,3.90894034179923e-05
4.0703125,1.62018661673268e-05
4.072265625,9.46648912215384e-05
4.07421875,-0.000213701711978667
4.076171875,-5.01088414935473e-05
4.078125,0.000123173567413183
4.080078125,3.71320685512814e-05
4.08203125,8.19718602012246e-05
4.083984375,1.39169972966894e-06
4.0859375,-8.35418195616132e-05
4.087890625,-9.63899205869619e-07
4.08984375,-4.80814504761466e-06
4.091796875,-3.71294039128434e-05
4.09375,-4.575472237446e-05
4.095703125,-5.87324902812946e-06
4.09765625,-0.00014710396962411
4.099609375,-3.243400111832e-06
4.1015625,0.000119538125468292
4.103515625,-4.70099141674355e-05
4.10546875,0.000123841535949905
4.107421875,8.90257498383869e-05
4.109375,0.000113409045807114
4.111328125,8.31338640945628e-05
4.11328125,-9.4503258852389e-05
4.115234375,-0.000211951227994915
4.1171875,-3.21485653334174e-05
4.119140625,2.07447794649256e-05
4.12109375,-0.000115794883474326
4.123046875,7.53139439404985e-06
4.125,0.00017529606018049
4.126953125,2.50316201931636e-05
4.12890625,-6.07159415149537e-05
4.130859375,-0.00010752935163401
4.1328125,-0.000144595752565017
4.134765625,6.39463505676217e-05
4.13671875,-7.28129588690221e-05
4.138671875,-0.000153243444927966
4.140625,7.34919396102315e-05
4.142578125,3.70631126131017e-05
4.14453125,-0.000113903862074183
4.146484375,-0.000135666576690147
4.1484375,2.07745125898918e-05
4.150390625,-1.58351328604802e-05
4.15234375,-6.2435404092676e-05
4.154296875,6.75968482066632e-05
4.15625,-2.22991019032066e-05
4.158203125,-0.000155795443221161
4.16015625,3.19668945529145e-05
4.162109375,-5.20723571749828e-05
4.1640625,-7.24786172141693e-05
4.166015625,0.000112275469625774
4.16796875,3.41030347704179e-05
4.169921875,2.94616560579019e-06
4.171875,2.29108082340203e-05
4.173828125,6.7920875593237e-05
4.17578125,1.42582903072485e-05
4.177734375,2.24520946428161e-05
4.1796875,-8.72066887393873e-05
4.181640625,-2.66295978703906e-05
4.18359375,8.37139231225067e-05
4.185546875,3.14739004808078e-05
4.1875,7.27150494597888e-06
4.189453125,5.64504988738145e-06
4.19140625,-4.04064991889985e-05
4.193359375,5.24462503522397e-05
4.1953125,-3.84773883498448e-06
4.197265625,-3.90424385541261e-05
4.19921875,0.000146643612633625
4.201171875,4.94988798764929e-05
4.203125,-0.000202214298031154
4.205078125,1.71212422591773e-05
4.20703125,-0.000115653690858913
4.208984375,2.23418728897403e-06
4.2109375,0.000152404553546001
4.212890625,0.000185608723899654
4.21484375,-0.000133433563639085
4.216796875,-0.00012783564197447
4.21875,-0.00020205624326863
4.220703125,-0.000113448316760868
4.22265625,-4.81986352440247e-05
4.224609375,-0.000160393282447931
4.2265625,1.9103773551468e-05
4.228515625,-4.54136100347211e-05
4.23046875,9.90269930975394e-05
4.232421875,0.000116995206189941
4.234375,8.35200296450179e-05
4.236328125,-9.82986350760509e-05
4.23828125,5.11921286044121e-05
4.240234375,7.68916201773758e-05
4.2421875,-5.75013441218228e-05
4.244140625,7.30095137823548e-05
4.24609375,1.38725740643989e-05
4.248046875,2.97633163610959e-05
4.25,-3.16100514587722e-05
4.251953125,4.95318869414471e-05
4.25390625,-3.59211968589601e-05
4.255859375,0.00014817476406987
4.2578125,4.67886060631248e-05
4.259765625,8.64939303729545e-05
4.26171875,4.40417255021576e-05
4.263671875,-0.000141887807204696
4.265625,-6.38758195738184e-05
4.267578125,-4.26692881301215e-05
4.26953125,-4.81277705194349e-05
4.271484375,-3.2028346512211e-05
4.2734375,-9.2887267713704e-05
4.275390625,0.00010469077009817
4.27734375,0.000255650054005805
4.279296875,-2.18341799865204e-05
4.28125,2.88350055408004e-05
4.283203125,-1.00693407445674e-06
4.28515625,0.000327446001781205
4.287109375,9.1656280608235e-05
4.2890625,-8.13191535376734e-06
4.291015625,2.71097791069294e-05
4.29296875,-0.000192410802084223
4.294921875,-1.58709819060043e-05
4.296875,0.000131932150266656
4.298828125,-2.57386580244152e-05
4.30078125,-0.00020195349046653
4.302734375,0.000117135784477008
4.3046875,0.000161991345065178
4.306640625,1.97199733410437e-06
4.30859375,-8.0109763534764e-05
4.310546875,-6.17569056261115e-05
4.3125,-3.09453263461541e-05
4.314453125,4.71989361022816e-06
4.31640625,0.000170422147815892
4.318359375,4.88919062588162e-05
4.3203125,0.000134635277051285
4.322265625,-0.000127356837430214
4.32421875,2.04822134236088e-05
4.326171875,2.06252824944394e-05
4.328125,7.83264960407545e-05
4.330078125,-8.33137973803821e-05
4.33203125,0.000199827192775588
4.333984375,4.34567025548932e-07
4.3359375,-0.000102996284352882
4.337890625,-1.54770233686848e-05
4.33984375,1.09605684173696e-05
4.341796875,-0.000189670196378055
4.34375,6.99585171356319e-05
4.345703125,6.13471077630934e-05
4.34765625,0.000144658398115657
4.349609375,-4.36394870728998e-05
4.3515625,-0.000104088754797364
4.353515625,5.30792362367633e-05
4.35546875,-1.51314919977215e-05
4.357421875,8.05206068502261e-05
4.359375,-8.33210138268842e-05
4.361328125,0.000114543187589889
4.36328125,-0.000131217437521253
4.365234375,2.22344726336743e-05
4.3671875,-8.44880529661254e-05
4.369140625,1.88672356363508e-05
4.37109375,-0.000107078918227685
4.373046875,7.37814791869997e-05
4.375,0.000197065991093726
4.376953125,5.05737272718188e-05
4.37890625,9.28562522448698e-05
4.380859375,3.1430922577941e-06
4.3828125,-3.12181219070684e-05
4.384765625,-0.00013319881163342
4.38671875,-2.87426602992303e-05
4.388671875,-3.08729168641032e-05
4.390625,-0.000105793592667828
4.392578125,-9.59453175069323e-05
4.39453125,0.000144177361669055
4.396484375,4.3148449395993e-06
4.3984375,7.72583227915543e-05
4.400390625,-8.6632462470198e-05
4.40234375,0.000126299009862322
4.404296875,-0.000143402509560099
4.40625,-8.41380273441164e-05
4.408203125,2.02863277062693e-05
4.41015625,-8.13166466428241e-05
4.412109375,-0.000141160084180622
4.4140625,-9.16235968294011e-05
4.416015625,0.000131061238391209
4.41796875,1.47571607081201e-05
4.419921875,-8.63114084090939e-05
4.421875,5.38745123041478e-05
4.423828125,-0.000185426964583484
4.42578125,7.41238938367704e-05
4.427734375,0.000136036978048066
4.4296875,-0.000147912503469227
4.431640625,-8.51173513529863e-05
4.43359375,3.82181566840341e-06
4.435546875,-0.000236205584664013
4.4375,8.82374746804639e-05
4.439453125,-2.26421886662983e-06
4.44140625,7.42952781157287e-05
4.443359375,-2.22216644284361e-05
4.4453125,2.02403802499151e-05
4.447265625,-4.14856489848266e-05
4.44921875,8.4617641074951e-05
4.451171875,0.000128945880218763
4.453125,-0.000123752693384622
4.455078125,0.000113584050562401
4.45703125,3.52642495337486e-05
4.458984375,-8.22410061578051e-05
4.4609375,0.000164927472174868
4.462890625,8.98287150445958e-05
4.46484375,-9.40206441464283e-05
4.466796875,0.000295235997416795
4.46875,-2.35201343836766e-05
4.470703125,9.40296192272232e-05
4.47265625,0.000141588331039826
4.474609375,-0.000364520246939817
4.4765625,6.310875023886e-05
4.478515625,-0.000110335038827289
4.48046875,9.35078460951593e-05
4.482421875,-2.74657183155105e-05
4.484375,-2.8874892098231e-05
4.486328125,-1.3103604372877e-06
4.48828125,5.38436252334625e-05
4.490234375,6.17600719600066e-05
4.4921875,3.04934626977324e-05
4.494140625,-3.56122090681217e-05
4.49609375,0.000118400745977363
4.498046875,-8.15420863534575e-05
4.5,0.000123834673313797
4.501953125,7.29056373878353e-05
4.50390625,0.000166277250578545
4.505859375,9.26821920759491e-06
4.5078125,0.000162473456450998
4.509765625,-2.10659048604525e-05
4.51171875,-0.000139917327649249
4.513671875,0.000102718212658027
4.515625,7.19698978498425e-05
4.517578125,-9.42059206949002e-05
4.51953125,0.000141167145035002
4.521484375,2.5171545218755e-05
4.5234375,0.000162040980553353
4.525390625,0.000123966660121008
4.52734375,-0.000107810525370137
4.529296875,2.66895356600252e-05
4.53125,-5.60694113747727e-05
4.533203125,7.40176048127974e-05
4.53515625,-0.000126839347433839
4.537109375,2.83359252657381e-06
4.5390625,-0.000106171947969204
4.541015625,-4.3818442960174e-05
4.54296875,3.2412386790274e-05
4.544921875,-2.17639828027942e-05
4.546875,2.62350159348341e-05
4.548828125,0.000117932635348104
4.55078125,-5.20170577211885e-05
4.552734375,9.84750805485426e-06
4.5546875,-2.54616443273899e-05
4.556640625,-9.52385179082491e-06
4.55859375,-7.60583230649814e-05
4.560546875,9.09560195060506e-05
4.5625,0.000249933709065871
4.564453125,0.000135493574246197
4.56640625,5.84632570452795e-05
4.568359375,7.29789690902873e-05
4.5703125,-0.000186248587607738
4.572265625,-6.45844704362154e-05
4.57421875,-3.21004702406003e-05
4.576171875,-5.10795221801881e-06
4.578125,0.000133393253371327
4.580078125,0.000193960836423005
4.58203125,-4.58853642041332e-05
4.583984375,-5.23144095326847e-05
4.5859375,-4.75356645149104e-05
4.587890625,-1.6544978961936e-05
4.58984375,9.08979546256598e-08
4.591796875,-2.76206402572317e-05
4.59375,3.66435954814697e-05
4.595703125,6.07919543517965e-05
4.59765625,2.17768879803817e-05
4.599609375,-5.27493372708401e-05
4.6015625,-3.70727088685545e-05
4.603515625,-4.73498482684013e-05
4.60546875,1.71672231541055e-05
4.607421875,7.42024419791402e-05
4.609375,-5.68694523092674e-05
4.611328125,-0.000162370774311849
4.61328125,0.00010360839018012
4.615234375,-0.00021216129804537
4.6171875,-8.9511191636168e-05
4.619140625,1.22005205043277e-06
4.62109375,3.69138530147717e-05
4.623046875,9.40573932496569e-05
4.625,-0.000167545615763767
4.626953125,3.56595499517735e-05
4.62890625,-0.000105879809336375
4.630859375,0.000182692104312661
4.6328125,-0.000161040195196752
4.634765625,-2.55488822249231e-05
4.63671875,0.000108459964146268
4.638671875,5.73701237938856e-05
4.640625,-0.00011764439023635
4.642578125,-9.58299517668707e-05
4.64453125,1.40026811491839e-05
4.646484375,-0.000116963365438675
4.6484375,3.18921910335437e-05
4.650390625,2.18812514177555e-05
4.65234375,-5.29402249392295e-05
4.654296875,1.29716616713817e-06
4.65625,0.000240984151892198
4.658203125,6.23613123417093e-05
4.66015625,5.31758331828696e-05
4.662109375,0.000106942083962241
4.6640625,-3.90191319095861e-06
4.666015625,-3.96201335333708e-06
4.66796875,0.000136313091180368
4.669921875,9.67487889093104e-05
4.671875,9.16384247322812e-05
4.673828125,0.000123451334289336
4.67578125,1.17165004613166e-05
4.677734375,9.47652887172966e-05
4.6796875,0.00012736700613336
4.681640625,0.000131199022068205
4.68359375,4.88087567266333e-05
4.685546875,-2.20500873452571e-05
4.6875,3.00571610335875e-05
4.689453125,4.34361513203359e-05
4.69140625,2.20692211739337e-05
4.693359375,3.33812637026806e-06
4.6953125,-7.16185117974859e-06
4.697265625,0.000222974105271946
4.69921875,-0.00012320779438971
4.701171875,-4.1762808861755e-05
4.703125,5.12116792306744e-05
4.705078125,0.000176084263250875
4.70703125,0.000130031425705932
4.708984375,4.69144971740087e-06
4.7109375,2.56006294164983e-07
4.712890625,3.10700306276105e-05
4.71484375,-0.000110916101573107
4.716796875,0.000131495453916236
4.71875,9.7152618881354e-05
4.720703125,-0.000251241674966835
4.72265625,9.7709117381457e-05
4.724609375,3.83024700766859e-05
4.7265625,-1.08481225076157e-05
4.728515625,2.0975770513222e-05
4.73046875,0.000148497582507927
4.732421875,-0.000140658907617029
4.734375,-0.000168921473511228
4.736328125,-2.38116781856413e-05
4.73828125,-5.89800543346831e-05
4.740234375,1.09305543768108e-05
4.7421875,-6.01364377388835e-05
4.744140625,2.78449705351966e-05
4.74609375,-5.34201608556223e-05
4.748046875,4.16086620390445e-05
4.75,7.50806891078495e-06
4.751953125,6.7793249502397e-05
4.75390625,-4.02526469870167e-05
4.755859375,0.000166433166592802
4.7578125,0.000165573085932751
4.759765625,-7.5039879852106e-05
4.76171875,-3.19739575172937e-06
4.763671875,-2.12596183171918e-05
4.765625,8.218849525626e-05
4.767578125,-0.000184451276574466
4.76953125,-8.10095296019267e-06
4.771484375,-0.000291343155270141
4.7734375,7.25492243617993e-05
4.775390625,0.00014261531545607
4.77734375,9.06809316511386e-05
4.779296875,-3.8609946442934e-05
4.78125,-2.59328683604467e-05
4.783203125,8.43357242729238e-05
4.78515625,5.56498914378565e-05
4.787109375,-4.68058023271044e-05
4.7890625,-2.68454940876547e-05
4.791015625,4.52535029969653e-05
4.79296875,0.000101636176024969
4.794921875,-6.03427631190648e-05
4.796875,-9.80564068866326e-06
4.798828125,-0.000115000566350494
4.80078125,3.87149798031103e-05
4.802734375,-1.50310957034319e-05
4.8046875,-1.84839058330014e-06
4.806640625,9.26446172969035e-06
4.80859375,3.18316509840609e-06
4.810546875,0.000120584934487433
4.8125,8.14598601488832e-05
4.814453125,0.000174435997420539
4.81640625,-8.54169353837402e-05
4.818359375,0.000117271715932667
4.8203125,1.43104851004146e-05
4.822265625,-0.000204786979224804
4.82421875,-4.42294516840167e-05
4.826171875,-6.59567969601638e-05
4.828125,4.36041457585428e-05
4.830078125,6.53745988726473e-05
4.83203125,-7.01082205473051e-06
4.833984375,-4.88177816712995e-05
4.8359375,5.87521139491819e-05
4.837890625,-2.2665761282971e-05
4.83984375,0.000174330635093209
4.841796875,7.54796983161905e-05
4.84375,5.44204076275588e-05
4.845703125,-0.000175483219845633
4.84765625,-0.000121222413361315
4.849609375,-9.49009535446238e-05
4.8515625,0.000145540503592758
4.853515625,-1.65141968872379e-05
4.85546875,0.000155640038150089
4.857421875,-0.000127003508889181
4.859375,5.28582426248673e-05
4.861328125,-2.65929936920131e-05
4.86328125,-1.65929145265938e-05
4.865234375,6.36858942549598e-05
4.8671875,8.27476053244284e-05
4.869140625,-6.34209667891828e-05
4.87109375,1.40059487888964e-05
4.873046875,-0.000126910316020722
4.875,-8.67829591164725e-05
4.876953125,-0.000134066384736992
4.87890625,-4.04590360013117e-05
4.880859375,-0.000211771518198993
4.8828125,2.24481295119322e-05
4.884765625,-1.82319942552477e-05
4.88671875,-7.41456200773236e-05
4.888671875,4.44235390061882e-05
4.890625,5.59349459162667e-05
4.892578125,1.45554120397156e-05
4.89453125,-2.37612401905947e-05
4.896484375,-0.000113936277234283
4.8984375,-6.24528707338188e-05
4.900390625,0.000188917095820047
4.90234375,-9.46401922942978e-05
4.904296875,6.75718809783833e-05
4.90625,1.7203115320658e-05
4.908203125,-4.38142953897442e-06
4.91015625,5.02063837779294e-05
4.912109375,8.62384890200956e-05
4.9140625,9.55321913221529e-06
4.916015625,-0.000123253628552996
4.91796875,-3.96270329470026e-05
4.919921875,-9.5879052971204e-05
4.921875,-1.62416225447765e-05
4.923828125,2.04635640604083e-05
4.92578125,0.000147324270663013
4.927734375,-5.4278458979667e-05
4.9296875,4.21229156931756e-05
4.931640625,9.64218846153186e-05
4.93359375,-7.2782608211718e-05
4.935546875,-9.29582333687406e-05
4.9375,-0.000107987474402637
4.939453125,-6.5724497718878e-05
4.94140625,0.000112144498537632
4.943359375,-0.000170822189981181
4.9453125,-8.03091090444937e-06
4.947265625,-7.16904815928706e-05
4.94921875,-6.28686780289153e-05
4.951171875,-0.00019434348616515
4.953125,-0.000117382187674869
4.955078125,8.91695135748229e-05
4.95703125,-0.00010218224143117
4.958984375,-1.89359506981947e-05
4.9609375,-4.34419447950503e-05
4.962890625,-0.000133521222505808
4.96484375,-4.15324866679209e-05
4.966796875,-6.72245959692247e-05
4.96875,9.98596776267383e-05
4.970703125,-0.000108608606419755
4.97265625,8.93984889868274e-05
4.974609375,0.000124083245131508
4.9765625,3.94220188021545e-05
4.978515625,4.37735090999165e-06
4.98046875,-0.000135202901478881
4.982421875,2.64262745396506e-06
4.984375,-1.0542925274716e-05
4.986328125,0.000110515596315185
4.98828125,-4.49373575871159e-06
4.990234375,0.000206036629733308
4.9921875,-0.00019335259645525
4.994140625,0.000117492660393695
4.99609375,9.13951030800797e-05
4.998046875,5.31512453611162e-06
5,-0.000100732910142375
